file,probable_gunshot,duration,peak,rms,centroid,zcr,kurtosis,attack_ratio
/home/andres/Documentos/proyecto4geeks/data/raw/youtube/gunshot/T9JMGZPXLpw_seg103.wav,True,5.0,0.8519712686538696,0.046282242983579636,2246.295133960738,0.14369258174189814,21.200462341308594,0.8547259569168091
/home/andres/Documentos/proyecto4geeks/data/raw/youtube/gunshot/z-bDUm8PLoI_seg480.wav,True,5.0,0.8445281982421875,0.03755826875567436,3024.816711947582,0.23097737630208334,79.17667388916016,2.918550729751587
/home/andres/Documentos/proyecto4geeks/data/raw/youtube/gunshot/T9JMGZPXLpw_seg97.wav,True,5.0,0.5929884910583496,0.039254240691661835,2662.970961928924,0.18200231481481483,29.247203826904297,1.7136402130126953
/home/andres/Documentos/proyecto4geeks/data/raw/youtube/gunshot/z-bDUm8PLoI_seg67.wav,True,5.0,0.9296177625656128,0.045092176645994186,2238.5742234432964,0.11629005714699074,86.29285430908203,3.4473018646240234
/home/andres/Documentos/proyecto4geeks/data/raw/youtube/gunshot/z-bDUm8PLoI_seg71.wav,True,5.0,0.7793469429016113,0.08335945010185242,2538.9394472613994,0.14234528718171297,15.099668502807617,4.338702201843262
/home/andres/Documentos/proyecto4geeks/data/raw/youtube/gunshot/z-bDUm8PLoI_seg211.wav,True,5.0,0.8645286560058594,0.08718250691890717,2859.1620430218723,0.15861002604166666,15.609956741333008,1.5121699571609497
/home/andres/Documentos/proyecto4geeks/data/raw/youtube/gunshot/ertsA6osNE4_seg335.wav,True,5.0,0.5773766040802002,0.02120213583111763,980.4667340960235,0.03626392505787037,146.6887969970703,26.758747100830078
/home/andres/Documentos/proyecto4geeks/data/raw/youtube/gunshot/z-bDUm8PLoI_seg78.wav,True,5.0,0.8938490152359009,0.06946664303541183,3074.055693890688,0.2403858326099537,25.569276809692383,8.542869567871094
/home/andres/Documentos/proyecto4geeks/data/raw/youtube/gunshot/T9JMGZPXLpw_seg123.wav,True,5.0,0.8839871883392334,0.07250795513391495,2279.8107178796463,0.14948640046296297,26.161943435668945,1.008728265762329
/home/andres/Documentos/proyecto4geeks/data/raw/youtube/gunshot/CQ9EBbfaYgE_seg66.wav,True,5.0,0.7628467082977295,0.10100505501031876,2868.532867452353,0.22236237702546297,16.07640838623047,2.27640962600708
/home/andres/Documentos/proyecto4geeks/data/raw/youtube/gunshot/z-bDUm8PLoI_seg281.wav,True,5.0,0.8820920586585999,0.09088583290576935,2779.3840200104487,0.16118028428819445,13.39120864868164,1.3878940343856812
/home/andres/Documentos/proyecto4geeks/data/raw/youtube/gunshot/T9JMGZPXLpw_seg77.wav,True,5.0,0.9339864253997803,0.077893927693367,2376.7519726326623,0.15345142505787038,21.338542938232422,0.7468017935752869
/home/andres/Documentos/proyecto4geeks/data/raw/youtube/gunshot/FPsIx8GmKxg_seg111.wav,True,5.0,0.5081983804702759,0.025197045877575874,2358.037081529826,0.13832600911458334,46.54117965698242,0.576344907283783
/home/andres/Documentos/proyecto4geeks/data/raw/youtube/gunshot/z-bDUm8PLoI_seg136.wav,True,5.0,0.8418985605239868,0.07462415844202042,3316.75595797604,0.2580905490451389,19.307662963867188,0.0476565957069397
/home/andres/Documentos/proyecto4geeks/data/raw/youtube/gunshot/z-bDUm8PLoI_seg206.wav,True,5.0,0.9096149206161499,0.07079081982374191,3246.7711471179355,0.25185592086226855,21.847484588623047,1.3695579767227173
/home/andres/Documentos/proyecto4geeks/data/raw/youtube/gunshot/T9JMGZPXLpw_seg62.wav,True,5.0,0.5679221153259277,0.05184139683842659,2257.7874759236447,0.13105152271412038,13.249967575073242,0.871639609336853
/home/andres/Documentos/proyecto4geeks/data/raw/youtube/gunshot/z-bDUm8PLoI_seg148.wav,True,5.0,0.7428402900695801,0.10406374931335449,3297.3184604583657,0.23362449363425927,12.159957885742188,0.7072002291679382
/home/andres/Documentos/proyecto4geeks/data/raw/youtube/gunshot/z-bDUm8PLoI_seg468.wav,True,5.0,1.0125830173492432,0.13502728939056396,2859.129627117769,0.17432092737268517,12.341086387634277,0.7778345346450806
/home/andres/Documentos/proyecto4geeks/data/raw/youtube/gunshot/FPsIx8GmKxg_seg89.wav,True,5.0,0.48774421215057373,0.009403214789927006,2307.8700311012904,0.1371392144097222,394.1722717285156,0.786823570728302
/home/andres/Documentos/proyecto4geeks/data/raw/youtube/gunshot/ertsA6osNE4_seg253.wav,True,5.0,0.8185706734657288,0.026228297501802444,1219.3399144437817,0.040332935474537035,174.81646728515625,51.35630416870117
/home/andres/Documentos/proyecto4geeks/data/raw/youtube/gunshot/T9JMGZPXLpw_seg30.wav,True,5.0,0.8673847913742065,0.08087171614170074,2263.183727665693,0.16462764033564814,15.906280517578125,0.8067570328712463
/home/andres/Documentos/proyecto4geeks/data/raw/youtube/gunshot/z-bDUm8PLoI_seg6.wav,True,5.0,1.1029901504516602,0.07531127333641052,2201.294031450494,0.12134015118634259,27.862995147705078,0.34203973412513733
/home/andres/Documentos/proyecto4geeks/data/raw/youtube/gunshot/z-bDUm8PLoI_seg144.wav,True,5.0,0.8288506269454956,0.07878891378641129,2887.5589782211,0.16015172887731483,17.719995498657227,1.4190372228622437
/home/andres/Documentos/proyecto4geeks/data/raw/youtube/gunshot/z-bDUm8PLoI_seg337.wav,True,5.0,0.8037699460983276,0.07447079569101334,3268.266560071652,0.2556220160590278,20.216386795043945,1.2147771120071411
/home/andres/Documentos/proyecto4geeks/data/raw/youtube/gunshot/z-bDUm8PLoI_seg473.wav,True,5.0,0.8485808372497559,0.0740169882774353,2717.6726234394096,0.14974184389467593,21.080718994140625,0.1347207874059677
/home/andres/Documentos/proyecto4geeks/data/raw/youtube/gunshot/T9JMGZPXLpw_seg27.wav,True,5.0,1.0088022947311401,0.06612906605005264,2755.4777580912864,0.20528609664351852,15.978771209716797,2.3949368000030518
/home/andres/Documentos/proyecto4geeks/data/raw/youtube/gunshot/FPsIx8GmKxg_seg170.wav,True,5.0,0.8033106327056885,0.09708257019519806,1930.497920430549,0.11324055989583333,15.325706481933594,6.290684700012207
/home/andres/Documentos/proyecto4geeks/data/raw/youtube/gunshot/FPsIx8GmKxg_seg30.wav,True,5.0,0.7178823947906494,0.04405280575156212,1962.8280285603057,0.1141018337673611,45.67223358154297,5.217578887939453
/home/andres/Documentos/proyecto4geeks/data/raw/youtube/gunshot/FPsIx8GmKxg_seg174.wav,True,5.0,0.6164904832839966,0.026867417618632317,2544.196742147638,0.18501112196180555,56.86054611206055,4.239518642425537
/home/andres/Documentos/proyecto4geeks/data/raw/youtube/gunshot/z-bDUm8PLoI_seg544.wav,True,5.0,1.0437722206115723,0.05601805821061134,3069.956396060467,0.23989303023726852,31.969337463378906,7.039899826049805
/home/andres/Documentos/proyecto4geeks/data/raw/youtube/gunshot/z-bDUm8PLoI_seg527.wav,True,5.0,0.7189583778381348,0.04626983776688576,1630.682717661734,0.06829607928240741,21.866077423095703,5.012500762939453
/home/andres/Documentos/proyecto4geeks/data/raw/youtube/gunshot/z-bDUm8PLoI_seg345.wav,True,5.0,0.7817360758781433,0.09063833951950073,2804.2885643956806,0.15712031611689814,14.021137237548828,0.8018345832824707
/home/andres/Documentos/proyecto4geeks/data/raw/youtube/gunshot/T9JMGZPXLpw_seg81.wav,True,5.0,0.8264393210411072,0.05508448928594589,2375.7709476850455,0.1581692165798611,15.864603042602539,0.8849974870681763
/home/andres/Documentos/proyecto4geeks/data/raw/youtube/gunshot/CQ9EBbfaYgE_seg124.wav,True,5.0,0.8098299503326416,0.0319056361913681,1232.4856358916086,0.05611617476851852,65.2831039428711,25.957836151123047
/home/andres/Documentos/proyecto4geeks/data/raw/youtube/gunshot/z-bDUm8PLoI_seg279.wav,True,5.0,1.002536654472351,0.04506243020296097,3091.493595103676,0.2385276511863426,45.61369323730469,4.970112323760986
/home/andres/Documentos/proyecto4geeks/data/raw/youtube/gunshot/CQ9EBbfaYgE_seg77.wav,True,5.0,0.7580179572105408,0.09776921570301056,3105.0801343647236,0.23238570601851852,19.7334041595459,9.0286865234375
/home/andres/Documentos/proyecto4geeks/data/raw/youtube/gunshot/FPsIx8GmKxg_seg115.wav,True,5.0,0.7389804720878601,0.09125423431396484,2496.7807799738616,0.17577672887731483,12.393563270568848,2.818969249725342
/home/andres/Documentos/proyecto4geeks/data/raw/youtube/gunshot/T9JMGZPXLpw_seg80.wav,True,5.0,0.8526947498321533,0.061880599707365036,2427.9172051477417,0.1583794487847222,17.03166961669922,0.36830902099609375
/home/andres/Documentos/proyecto4geeks/data/raw/youtube/gunshot/CQ9EBbfaYgE_seg135.wav,True,5.0,0.7528016567230225,0.024819979444146156,2098.540116595139,0.11633074725115741,173.0499725341797,7.357985496520996
/home/andres/Documentos/proyecto4geeks/data/raw/youtube/gunshot/FPsIx8GmKxg_seg105.wav,True,5.0,0.6090734601020813,0.025257712230086327,2225.368343106222,0.13521547670717593,30.86655044555664,2.1511125564575195
/home/andres/Documentos/proyecto4geeks/data/raw/youtube/gunshot/FPsIx8GmKxg_seg184.wav,True,5.0,0.4751386046409607,0.008139573968946934,2401.094287655075,0.1459011501736111,280.5748596191406,0.6569913029670715
/home/andres/Documentos/proyecto4geeks/data/raw/youtube/gunshot/CQ9EBbfaYgE_seg4.wav,True,5.0,0.8801782131195068,0.13363821804523468,2455.453441501963,0.1486228660300926,13.811052322387695,0.5898417234420776
/home/andres/Documentos/proyecto4geeks/data/raw/youtube/gunshot/z-bDUm8PLoI_seg208.wav,True,5.0,0.8315504789352417,0.07540153712034225,2820.9229645136425,0.15891068070023148,20.051193237304688,0.09181812405586243
/home/andres/Documentos/proyecto4geeks/data/raw/youtube/gunshot/z-bDUm8PLoI_seg209.wav,True,5.0,0.888590931892395,0.06781749427318573,3099.8685036500133,0.23982973451967593,25.21149444580078,2.400677442550659
/home/andres/Documentos/proyecto4geeks/data/raw/youtube/gunshot/z-bDUm8PLoI_seg68.wav,True,5.0,0.8747597932815552,0.09514666348695755,2589.2540224409436,0.1491021050347222,12.737960815429688,1.3922398090362549
/home/andres/Documentos/proyecto4geeks/data/raw/youtube/gunshot/z-bDUm8PLoI_seg270.wav,True,5.0,0.8008039593696594,0.07414743304252625,3255.309086399632,0.25753219039351855,19.689395904541016,1.1239265203475952
/home/andres/Documentos/proyecto4geeks/data/raw/youtube/gunshot/CQ9EBbfaYgE_seg103.wav,True,5.0,0.8393450975418091,0.10754728317260742,2337.26207106982,0.14253065321180555,12.976826667785645,0.11978582292795181
/home/andres/Documentos/proyecto4geeks/data/raw/youtube/gunshot/z-bDUm8PLoI_seg271.wav,True,5.0,1.0578551292419434,0.07231161743402481,2219.083935530562,0.12043140552662036,30.522884368896484,0.3368786573410034
/home/andres/Documentos/proyecto4geeks/data/raw/youtube/gunshot/AHORacC5tD8_seg134.wav,True,5.0,0.5590699315071106,0.03155261650681496,2237.7131695454405,0.14234754774305555,39.344486236572266,2.3456733226776123
/home/andres/Documentos/proyecto4geeks/data/raw/youtube/gunshot/z-bDUm8PLoI_seg412.wav,True,5.0,0.7896406650543213,0.09135597199201584,2761.9596008520634,0.15916612413194445,13.230987548828125,0.6610214710235596
/home/andres/Documentos/proyecto4geeks/data/raw/youtube/gunshot/z-bDUm8PLoI_seg340.wav,True,5.0,0.9089606404304504,0.07026656717061996,3185.4825172730043,0.25133373119212965,23.1826229095459,0.8686354756355286
/home/andres/Documentos/proyecto4geeks/data/raw/youtube/gunshot/ertsA6osNE4_seg114.wav,True,5.0,0.7833885550498962,0.021284420043230057,1099.3957777226135,0.037263093171296294,301.55743408203125,6.208425521850586
/home/andres/Documentos/proyecto4geeks/data/raw/youtube/gunshot/CQ9EBbfaYgE_seg82.wav,True,5.0,0.7476224303245544,0.07355707138776779,2013.1503179709991,0.10720260054976852,16.604047775268555,5.453181743621826
/home/andres/Documentos/proyecto4geeks/data/raw/youtube/gunshot/CQ9EBbfaYgE_seg71.wav,True,5.0,0.9397898316383362,0.108479805290699,695.7134336061403,0.032595033998842594,21.13332748413086,22.401403427124023
/home/andres/Documentos/proyecto4geeks/data/raw/youtube/gunshot/FPsIx8GmKxg_seg73.wav,True,5.0,0.7076282501220703,0.05535353347659111,1915.7700500489343,0.11774359809027778,38.978179931640625,5.796401500701904
/home/andres/Documentos/proyecto4geeks/data/raw/youtube/gunshot/CQ9EBbfaYgE_seg86.wav,True,5.0,0.740290105342865,0.017303815111517906,2096.1125023233067,0.1570773654513889,126.46632385253906,13.84841537475586
/home/andres/Documentos/proyecto4geeks/data/raw/youtube/gunshot/CQ9EBbfaYgE_seg39.wav,True,5.0,0.7795131802558899,0.0740366280078888,1844.0824410314106,0.10982259114583333,29.234943389892578,19.434110641479492
/home/andres/Documentos/proyecto4geeks/data/raw/youtube/gunshot/ertsA6osNE4_seg138.wav,True,5.0,0.7262927889823914,0.03795289993286133,851.2993028875578,0.027174207899305556,81.68185424804688,5.8005051612854
/home/andres/Documentos/proyecto4geeks/data/raw/youtube/gunshot/z-bDUm8PLoI_seg74.wav,True,5.0,0.8460097908973694,0.07362305372953415,2692.2622723206646,0.1465521918402778,21.52574348449707,0.212287038564682
/home/andres/Documentos/proyecto4geeks/data/raw/youtube/gunshot/T9JMGZPXLpw_seg131.wav,True,5.0,0.9086586833000183,0.06381972879171371,2249.1819790357167,0.14515742549189814,17.049419403076172,0.21165268123149872
/home/andres/Documentos/proyecto4geeks/data/raw/youtube/gunshot/z-bDUm8PLoI_seg546.wav,True,5.0,0.8413976430892944,0.09255030751228333,2736.4354926041055,0.15886999059606483,13.113000869750977,0.3601875603199005
/home/andres/Documentos/proyecto4geeks/data/raw/youtube/gunshot/CQ9EBbfaYgE_seg138.wav,True,5.0,0.5649269819259644,0.02810187265276909,1283.5967806629321,0.07949037905092593,149.38320922851562,52.15644073486328
/home/andres/Documentos/proyecto4geeks/data/raw/youtube/gunshot/z-bDUm8PLoI_seg477.wav,True,5.0,0.9049968123435974,0.06781204044818878,3061.863322266886,0.23777488425925927,26.20536231994629,8.80009937286377
/home/andres/Documentos/proyecto4geeks/data/raw/youtube/gunshot/z-bDUm8PLoI_seg72.wav,True,5.0,0.7805431485176086,0.0731804147362709,3273.5258629883,0.25641773365162035,19.394277572631836,1.4433084726333618
/home/andres/Documentos/proyecto4geeks/data/raw/youtube/gunshot/FPsIx8GmKxg_seg84.wav,True,5.0,0.4768424332141876,0.023678580299019814,2282.40806223035,0.13932517722800927,72.0171127319336,1.2518665790557861
/home/andres/Documentos/proyecto4geeks/data/raw/youtube/gunshot/FPsIx8GmKxg_seg49.wav,True,5.0,0.7135438919067383,0.019612766802310944,2366.7499039210056,0.15584083839699073,222.68931579589844,4.459109783172607
/home/andres/Documentos/proyecto4geeks/data/raw/youtube/gunshot/z-bDUm8PLoI_seg4.wav,True,5.0,0.8123358488082886,0.0928778126835823,2547.4384978862595,0.14271375868055555,13.635942459106445,5.593138217926025
/home/andres/Documentos/proyecto4geeks/data/raw/youtube/gunshot/z-bDUm8PLoI_seg201.wav,True,5.0,0.9347693920135498,0.04489891976118088,2276.822656559088,0.1192920826099537,87.9047622680664,3.6590025424957275
/home/andres/Documentos/proyecto4geeks/data/raw/youtube/gunshot/z-bDUm8PLoI_seg342.wav,True,5.0,0.7674241662025452,0.07593873888254166,2867.675421747935,0.16091127748842593,20.40814781188965,1.1618205308914185
/home/andres/Documentos/proyecto4geeks/data/raw/youtube/gunshot/z-bDUm8PLoI_seg11.wav,True,5.0,1.0377413034439087,0.06943484395742416,3067.420154913574,0.2394431785300926,25.551250457763672,6.94232177734375
/home/andres/Documentos/proyecto4geeks/data/raw/youtube/gunshot/FPsIx8GmKxg_seg182.wav,True,5.0,0.828432023525238,0.0861327275633812,2031.4627305871356,0.12459762008101852,17.385046005249023,6.584628105163574
/home/andres/Documentos/proyecto4geeks/data/raw/youtube/gunshot/FPsIx8GmKxg_seg56.wav,True,5.0,0.7854657769203186,0.08009571582078934,2358.3563721655137,0.16294352213541666,14.617086410522461,2.0415384769439697
/home/andres/Documentos/proyecto4geeks/data/raw/youtube/gunshot/FPsIx8GmKxg_seg75.wav,True,5.0,0.698796272277832,0.05374819040298462,2348.3449584715777,0.1551830150462963,16.07155990600586,0.40207141637802124
/home/andres/Documentos/proyecto4geeks/data/raw/youtube/gunshot/T9JMGZPXLpw_seg13.wav,True,5.0,0.9960951209068298,0.08105138689279556,2349.984505618555,0.14623571325231483,21.3980712890625,0.7477596998214722
/home/andres/Documentos/proyecto4geeks/data/raw/youtube/gunshot/z-bDUm8PLoI_seg205.wav,True,5.0,0.824517548084259,0.07702966779470444,2626.5635291857634,0.14638717086226852,18.518491744995117,1.8257856369018555
/home/andres/Documentos/proyecto4geeks/data/raw/youtube/gunshot/T9JMGZPXLpw_seg114.wav,True,5.0,0.9681317806243896,0.061224885284900665,2223.9591198587145,0.13232421875,38.77222442626953,1.0210965871810913
/home/andres/Documentos/proyecto4geeks/data/raw/youtube/gunshot/z-bDUm8PLoI_seg2.wav,True,5.0,0.8437774777412415,0.0741707906126976,3335.9628382579085,0.2624443901909722,19.711780548095703,0.0014460969250649214
/home/andres/Documentos/proyecto4geeks/data/raw/youtube/gunshot/z-bDUm8PLoI_seg482.wav,True,5.0,0.8541520237922668,0.09202681481838226,2834.4215266175333,0.17482277199074073,13.411771774291992,4.324696063995361
/home/andres/Documentos/proyecto4geeks/data/raw/youtube/gunshot/z-bDUm8PLoI_seg549.wav,True,5.0,0.7716808915138245,0.09044984728097916,2940.410654174895,0.18242051866319445,12.711414337158203,4.78201150894165
/home/andres/Documentos/proyecto4geeks/data/raw/youtube/gunshot/T9JMGZPXLpw_seg14.wav,True,5.0,0.9708042740821838,0.06605729460716248,2625.638172333969,0.18255615234375,22.75908660888672,1.5876389741897583
/home/andres/Documentos/proyecto4geeks/data/raw/youtube/gunshot/z-bDUm8PLoI_seg470.wav,True,5.0,0.8188025951385498,0.07880846410989761,2554.2954080823874,0.1419406467013889,16.776609420776367,3.3840172290802
/home/andres/Documentos/proyecto4geeks/data/raw/youtube/gunshot/T9JMGZPXLpw_seg112.wav,True,5.0,0.920325756072998,0.11530733108520508,2354.58046096602,0.15709544994212962,13.677797317504883,0.5282453894615173
/home/andres/Documentos/proyecto4geeks/data/raw/youtube/gunshot/z-bDUm8PLoI_seg275.wav,True,5.0,0.8146420121192932,0.07527440786361694,2847.7339364445465,0.16112829137731483,19.636924743652344,0.5837946534156799
/home/andres/Documentos/proyecto4geeks/data/raw/youtube/gunshot/CQ9EBbfaYgE_seg62.wav,True,5.0,0.7564858198165894,0.03342399001121521,2240.437504392225,0.17336470992476852,165.64952087402344,0.07642469555139542
/home/andres/Documentos/proyecto4geeks/data/raw/youtube/gunshot/CQ9EBbfaYgE_seg46.wav,True,5.0,1.0251094102859497,0.18405570089817047,2455.746600505191,0.16394947193287038,9.640140533447266,21.728574752807617
/home/andres/Documentos/proyecto4geeks/data/raw/youtube/gunshot/z-bDUm8PLoI_seg269.wav,True,5.0,0.8141552209854126,0.09508194774389267,2623.3029257167477,0.14451994719328703,12.686973571777344,4.9706220626831055
/home/andres/Documentos/proyecto4geeks/data/raw/youtube/gunshot/z-bDUm8PLoI_seg478.wav,True,5.0,0.9445509910583496,0.07766810059547424,2246.018195081762,0.12372504340277778,22.884801864624023,0.3178849518299103
/home/andres/Documentos/proyecto4geeks/data/raw/youtube/gunshot/z-bDUm8PLoI_seg212.wav,True,5.0,0.8885990977287292,0.05409453436732292,3078.2924315342907,0.24067744502314814,33.3950309753418,6.442960739135742
/home/andres/Documentos/proyecto4geeks/data/raw/youtube/gunshot/z-bDUm8PLoI_seg545.wav,True,5.0,1.0623325109481812,0.07816459238529205,2268.055893265338,0.1256126121238426,22.83539581298828,0.28040334582328796
/home/andres/Documentos/proyecto4geeks/data/raw/youtube/gunshot/z-bDUm8PLoI_seg142.wav,True,5.0,1.0127042531967163,0.06840772181749344,3111.8824469437595,0.24581344039351852,24.862497329711914,0.8162844777107239
/home/andres/Documentos/proyecto4geeks/data/raw/youtube/gunshot/FPsIx8GmKxg_seg114.wav,True,5.0,0.7535340189933777,0.048577431589365005,2303.3639181552508,0.14497432002314814,56.74692153930664,0.2118264138698578
/home/andres/Documentos/proyecto4geeks/data/raw/youtube/gunshot/T9JMGZPXLpw_seg122.wav,True,5.0,1.0108349323272705,0.07633794844150543,2288.454302265035,0.12542724609375,25.238548278808594,1.569602608680725
/home/andres/Documentos/proyecto4geeks/data/raw/youtube/gunshot/z-bDUm8PLoI_seg339.wav,True,5.0,0.829925537109375,0.07302657514810562,2692.313275234654,0.1446261935763889,20.72848892211914,0.5727258920669556
/home/andres/Documentos/proyecto4geeks/data/raw/youtube/gunshot/z-bDUm8PLoI_seg272.wav,True,5.0,0.7585645914077759,0.07433317601680756,2642.915076430854,0.1454128689236111,18.649003982543945,1.1119681596755981
/home/andres/Documentos/proyecto4geeks/data/raw/youtube/gunshot/FPsIx8GmKxg_seg175.wav,True,5.0,0.6123557686805725,0.0324467308819294,2377.6910420645268,0.1591774269386574,41.97015380859375,1.771378993988037
/home/andres/Documentos/proyecto4geeks/data/raw/youtube/gunshot/T9JMGZPXLpw_seg72.wav,True,5.0,0.8480842709541321,0.0470796562731266,2508.8590627954227,0.18891737196180555,37.82387161254883,0.6763147711753845
/home/andres/Documentos/proyecto4geeks/data/raw/youtube/gunshot/z-bDUm8PLoI_seg471.wav,True,5.0,0.7885985374450684,0.0745609700679779,3268.2086072088027,0.2543741861979167,19.607662200927734,1.661873459815979
/home/andres/Documentos/proyecto4geeks/data/raw/youtube/gunshot/ertsA6osNE4_seg236.wav,True,5.0,0.6177382469177246,0.018030937761068344,1075.0239695119485,0.033393012152777776,278.8127746582031,8.561156272888184
/home/andres/Documentos/proyecto4geeks/data/raw/youtube/gunshot/T9JMGZPXLpw_seg4.wav,True,5.0,0.8695366382598877,0.0762658566236496,2220.0921564801356,0.1430076316550926,22.357112884521484,1.261042594909668
/home/andres/Documentos/proyecto4geeks/data/raw/youtube/gunshot/ertsA6osNE4_seg163.wav,True,5.0,0.9553776979446411,0.04268918186426163,1473.554407651998,0.059855143229166664,124.8746109008789,7.659467697143555
/home/andres/Documentos/proyecto4geeks/data/raw/youtube/gunshot/z-bDUm8PLoI_seg501.wav,True,5.0,0.5919948816299438,0.07208234816789627,943.4349668024106,0.027481644241898147,14.346426010131836,8.383620262145996
/home/andres/Documentos/proyecto4geeks/data/raw/youtube/gunshot/z-bDUm8PLoI_seg203.wav,True,5.0,0.8484796285629272,0.07460043579339981,3277.1011261774006,0.2580702039930556,20.107431411743164,0.6750895380973816
/home/andres/Documentos/proyecto4geeks/data/raw/youtube/gunshot/z-bDUm8PLoI_seg326.wav,True,5.0,0.7181155681610107,0.06499727815389633,1703.6422314964973,0.0719310619212963,29.385234832763672,5.289970397949219
/home/andres/Documentos/proyecto4geeks/data/raw/youtube/gunshot/z-bDUm8PLoI_seg541.wav,True,5.0,1.1045846939086914,0.06891698390245438,3092.4450408135835,0.24213098596643517,25.34523582458496,1.8572620153427124
/home/andres/Documentos/proyecto4geeks/data/raw/youtube/gunshot/z-bDUm8PLoI_seg13.wav,True,5.0,0.8190637230873108,0.09141083806753159,2802.818755883704,0.1583794487847222,13.71476936340332,0.7167941927909851
/home/andres/Documentos/proyecto4geeks/data/raw/youtube/gunshot/CQ9EBbfaYgE_seg80.wav,True,5.0,0.7586474418640137,0.0806165412068367,3212.037619446415,0.22917796947337962,15.75349235534668,0.27921468019485474
/home/andres/Documentos/proyecto4geeks/data/raw/youtube/gunshot/z-bDUm8PLoI_seg415.wav,True,5.0,0.7910041809082031,0.09098721295595169,2781.325931028075,0.16939742476851852,13.173763275146484,3.5257999897003174
/home/andres/Documentos/proyecto4geeks/data/raw/youtube/gunshot/ertsA6osNE4_seg265.wav,True,5.0,0.7099648714065552,0.027286244556307793,836.7286951377476,0.02678539134837963,197.42941284179688,33.72908401489258
/home/andres/Documentos/proyecto4geeks/data/raw/youtube/gunshot/z-bDUm8PLoI_seg214.wav,True,5.0,0.8150383234024048,0.09229917079210281,2805.816775392909,0.1606106228298611,13.208263397216797,0.4840118885040283
/home/andres/Documentos/proyecto4geeks/data/raw/youtube/gunshot/z-bDUm8PLoI_seg474.wav,True,5.0,0.8962942957878113,0.06964628398418427,3108.728318560597,0.24454526548032407,23.94045066833496,0.5114569067955017
/home/andres/Documentos/proyecto4geeks/data/raw/youtube/gunshot/z-bDUm8PLoI_seg568.wav,True,5.0,0.5740839242935181,0.06274022161960602,940.1920294582987,0.027278193721064815,13.619710922241211,7.389723777770996
/home/andres/Documentos/proyecto4geeks/data/raw/youtube/gunshot/z-bDUm8PLoI_seg278.wav,True,5.0,0.8119940757751465,0.09051686525344849,2810.2020104111307,0.15344690393518517,14.63494873046875,1.21706223487854
/home/andres/Documentos/proyecto4geeks/data/raw/youtube/gunshot/FPsIx8GmKxg_seg96.wav,True,5.0,0.6105824708938599,0.020222896710038185,2243.2037499892226,0.1407764576099537,144.24868774414062,0.5714998245239258
/home/andres/Documentos/proyecto4geeks/data/raw/youtube/gunshot/FPsIx8GmKxg_seg207.wav,True,5.0,0.7393151521682739,0.0281178280711174,951.4690150352478,0.05323621961805555,92.98706817626953,8.153216361999512
/home/andres/Documentos/proyecto4geeks/data/raw/youtube/gunshot/T9JMGZPXLpw_seg18.wav,True,5.0,1.0199614763259888,0.07160017639398575,2460.7391540561284,0.17996780960648148,27.871789932250977,0.6169744729995728
/home/andres/Documentos/proyecto4geeks/data/raw/youtube/gunshot/FPsIx8GmKxg_seg122.wav,True,5.0,0.5356391072273254,0.019109899178147316,2236.2676976372636,0.1296092845775463,159.81304931640625,0.6532599925994873
/home/andres/Documentos/proyecto4geeks/data/raw/youtube/gunshot/z-bDUm8PLoI_seg543.wav,True,5.0,0.8459453582763672,0.08609490841627121,2820.675751186154,0.15809461805555555,16.30821418762207,1.4793219566345215
/home/andres/Documentos/proyecto4geeks/data/raw/youtube/gunshot/z-bDUm8PLoI_seg411.wav,True,5.0,1.0825481414794922,0.07825703173875809,2211.8479305996875,0.1222240306712963,23.42118263244629,0.3269319534301758
/home/andres/Documentos/proyecto4geeks/data/raw/youtube/gunshot/FPsIx8GmKxg_seg90.wav,True,5.0,0.7549912333488464,0.0814053863286972,2349.981784902339,0.15998444733796297,15.482379913330078,0.0630958154797554
/home/andres/Documentos/proyecto4geeks/data/raw/youtube/gunshot/z-bDUm8PLoI_seg268.wav,True,5.0,1.0692998170852661,0.04463548585772514,2221.1512577796802,0.11224817346643519,92.14796447753906,3.444293975830078
/home/andres/Documentos/proyecto4geeks/data/raw/youtube/gunshot/AHORacC5tD8_seg96.wav,True,5.0,0.5366061329841614,0.05694703757762909,2288.463885276113,0.16078920717592593,24.949979782104492,0.20767225325107574
/home/andres/Documentos/proyecto4geeks/data/raw/youtube/gunshot/CQ9EBbfaYgE_seg91.wav,True,5.0,0.8262731432914734,0.0963578075170517,2380.74044605674,0.17098433883101852,14.408803939819336,6.608870029449463
/home/andres/Documentos/proyecto4geeks/data/raw/youtube/gunshot/z-bDUm8PLoI_seg343.wav,True,5.0,0.9753186106681824,0.06868408620357513,3070.1146970599893,0.2388328269675926,26.132431030273438,6.264669895172119
/home/andres/Documentos/proyecto4geeks/data/raw/youtube/gunshot/z-bDUm8PLoI_seg282.wav,True,5.0,0.8355792760848999,0.10427355766296387,3292.511335285888,0.2300143771701389,12.055253028869629,0.6699143648147583
/home/andres/Documentos/proyecto4geeks/data/raw/youtube/gunshot/z-bDUm8PLoI_seg69.wav,True,5.0,0.771844744682312,0.07414114475250244,3277.843209582221,0.2588455765335648,19.259885787963867,0.0028511013370007277
/home/andres/Documentos/proyecto4geeks/data/raw/youtube/gunshot/FPsIx8GmKxg_seg206.wav,True,5.0,0.7678059935569763,0.06489695608615875,2571.153562558978,0.1570502387152778,22.34065055847168,1.345415711402893
/home/andres/Documentos/proyecto4geeks/data/raw/youtube/gunshot/z-bDUm8PLoI_seg276.wav,True,5.0,1.0656795501708984,0.06892912834882736,3075.239905701131,0.23897298177083334,25.653846740722656,4.6087493896484375
/home/andres/Documentos/proyecto4geeks/data/raw/youtube/gunshot/z-bDUm8PLoI_seg540.wav,True,5.0,0.8303987979888916,0.0749703198671341,2772.005576177799,0.1563381618923611,19.38602638244629,0.09807821363210678
/home/andres/Documentos/proyecto4geeks/data/raw/youtube/gunshot/ertsA6osNE4_seg29.wav,True,5.0,0.6707649230957031,0.020750252529978752,1109.1467298544735,0.04165988498263889,172.7157745361328,20.91982078552246
/home/andres/Documentos/proyecto4geeks/data/raw/youtube/gunshot/z-bDUm8PLoI_seg407.wav,True,5.0,1.063993215560913,0.0691506415605545,3146.3862455712947,0.2509494357638889,22.728504180908203,0.7882068753242493
/home/andres/Documentos/proyecto4geeks/data/raw/youtube/gunshot/z-bDUm8PLoI_seg7.wav,True,5.0,0.8237472772598267,0.07413576543331146,2634.865704130229,0.14200846354166666,21.06607437133789,0.4588530957698822
/home/andres/Documentos/proyecto4geeks/data/raw/youtube/gunshot/CQ9EBbfaYgE_seg74.wav,True,5.0,0.7524510025978088,0.05772252008318901,2226.1248792865144,0.10414632161458333,62.573570251464844,6.375778411893407e-07
/home/andres/Documentos/proyecto4geeks/data/raw/youtube/gunshot/z-bDUm8PLoI_seg139.wav,True,5.0,0.802618682384491,0.07354198396205902,3252.606689386913,0.2550794813368056,19.219491958618164,1.716293454170227
/home/andres/Documentos/proyecto4geeks/data/raw/youtube/gunshot/z-bDUm8PLoI_seg75.wav,True,5.0,0.8489618301391602,0.06986820697784424,3128.8759073366896,0.25113706235532407,23.221864700317383,0.6947218179702759
/home/andres/Documentos/proyecto4geeks/data/raw/youtube/gunshot/z-bDUm8PLoI_seg213.wav,True,5.0,0.9157096147537231,0.07711254060268402,2267.8771430472925,0.12397822627314815,22.015396118164062,0.16178809106349945
/home/andres/Documentos/proyecto4geeks/data/raw/youtube/gunshot/z-bDUm8PLoI_seg404.wav,True,5.0,0.78549724817276,0.07424493134021759,3278.8272554559053,0.2553914388020833,19.458759307861328,1.3450406789779663
/home/andres/Documentos/proyecto4geeks/data/raw/youtube/gunshot/z-bDUm8PLoI_seg134.wav,True,5.0,1.0406453609466553,0.044569745659828186,2275.83467100515,0.11786566840277778,90.01907348632812,3.6597721576690674
/home/andres/Documentos/proyecto4geeks/data/raw/youtube/gunshot/z-bDUm8PLoI_seg537.wav,True,5.0,0.8123865723609924,0.07667607814073563,2596.090416117892,0.14585819950810186,18.01413917541504,2.185821056365967
/home/andres/Documentos/proyecto4geeks/data/raw/youtube/gunshot/z-bDUm8PLoI_seg479.wav,True,5.0,0.8710957169532776,0.09198243916034698,2757.0226955937246,0.1586032443576389,13.223344802856445,0.5651014447212219
/home/andres/Documentos/proyecto4geeks/data/raw/youtube/gunshot/z-bDUm8PLoI_seg141.wav,True,5.0,0.7953104972839355,0.07427097856998444,2801.2997848105597,0.15218325014467593,20.15174102783203,0.11226284503936768
/home/andres/Documentos/proyecto4geeks/data/raw/youtube/gunshot/T9JMGZPXLpw_seg111.wav,True,5.0,1.037781000137329,0.07674236595630646,2409.3247239483967,0.1662281177662037,25.653894424438477,0.5525264739990234
/home/andres/Documentos/proyecto4geeks/data/raw/youtube/gunshot/FPsIx8GmKxg_seg163.wav,True,5.0,0.7144705653190613,0.051907479763031006,2253.8377907331255,0.13435646339699073,44.59665298461914,0.3203255236148834
/home/andres/Documentos/proyecto4geeks/data/raw/youtube/gunshot/T9JMGZPXLpw_seg44.wav,True,5.0,0.8785326480865479,0.0667257234454155,2435.915356901974,0.16069200303819445,25.121034622192383,0.8059192299842834
/home/andres/Documentos/proyecto4geeks/data/raw/youtube/gunshot/z-bDUm8PLoI_seg146.wav,True,5.0,1.0282864570617676,0.07793214917182922,2249.744367265679,0.1236255787037037,23.00874900817871,0.3305571675300598
/home/andres/Documentos/proyecto4geeks/data/raw/youtube/gunshot/FPsIx8GmKxg_seg179.wav,True,5.0,0.7705336809158325,0.022854024544358253,2240.970166488826,0.1429759837962963,55.061588287353516,0.8318290710449219
/home/andres/Documentos/proyecto4geeks/data/raw/youtube/gunshot/CQ9EBbfaYgE_seg8.wav,True,5.0,0.8374924659729004,0.08676574379205704,2240.651270940643,0.13509114583333334,30.160480499267578,0.03347660228610039
/home/andres/Documentos/proyecto4geeks/data/raw/youtube/gunshot/ertsA6osNE4_seg17.wav,True,5.0,0.7509859800338745,0.03278974071145058,1440.6644004993811,0.06835033275462964,155.9272918701172,9.291327476501465
/home/andres/Documentos/proyecto4geeks/data/raw/youtube/gunshot/z-bDUm8PLoI_seg280.wav,True,5.0,1.0410460233688354,0.07978352904319763,2282.581883713282,0.12766520182291666,21.29706382751465,0.31436148285865784
/home/andres/Documentos/proyecto4geeks/data/raw/youtube/gunshot/z-bDUm8PLoI_seg348.wav,True,5.0,0.7977519631385803,0.0907978042960167,2728.1471272700996,0.16399242259837962,13.514083862304688,2.5979814529418945
/home/andres/Documentos/proyecto4geeks/data/raw/youtube/gunshot/z-bDUm8PLoI_seg413.wav,True,5.0,1.0085017681121826,0.03867251053452492,3041.4867404059605,0.23494466145833334,74.0045394897461,3.162297010421753
/home/andres/Documentos/proyecto4geeks/data/raw/youtube/gunshot/FPsIx8GmKxg_seg48.wav,True,5.0,0.747639536857605,0.048414018005132675,2097.4717868592156,0.13573314525462962,48.16645812988281,7.244513034820557
/home/andres/Documentos/proyecto4geeks/data/raw/youtube/gunshot/z-bDUm8PLoI_seg403.wav,True,5.0,0.8989816904067993,0.08639327436685562,2596.592598790678,0.14263916015625,14.32907485961914,4.754522323608398
/home/andres/Documentos/proyecto4geeks/data/raw/youtube/gunshot/z-bDUm8PLoI_seg77.wav,True,5.0,0.8696975708007812,0.0751018077135086,2875.5345404849713,0.1596137152777778,19.490934371948242,1.3892936706542969
/home/andres/Documentos/proyecto4geeks/data/raw/youtube/gunshot/z-bDUm8PLoI_seg538.wav,True,5.0,0.9883818030357361,0.0726819708943367,3254.9668242258463,0.25150779441550924,20.40521812438965,1.6393762826919556
/home/andres/Documentos/proyecto4geeks/data/raw/youtube/gunshot/T9JMGZPXLpw_seg28.wav,True,5.0,0.9351376295089722,0.09170405566692352,2618.3392321029355,0.20927146629050927,27.73578453063965,0.5506142377853394
/home/andres/Documentos/proyecto4geeks/data/raw/youtube/gunshot/z-bDUm8PLoI_seg548.wav,True,5.0,1.071287989616394,0.07910512387752533,2317.0349538466285,0.13237395109953703,21.262392044067383,0.3133094012737274
/home/andres/Documentos/proyecto4geeks/data/raw/youtube/gunshot/z-bDUm8PLoI_seg460.wav,True,5.0,0.7991319894790649,0.06507647037506104,1656.5022502515294,0.06884087456597222,29.642353057861328,8.646492004394531
/home/andres/Documentos/proyecto4geeks/data/raw/youtube/gunshot/z-bDUm8PLoI_seg0.wav,True,5.0,1.0804469585418701,0.04262932389974594,2215.217706256173,0.10988588686342593,103.7027587890625,3.0188839435577393
/home/andres/Documentos/proyecto4geeks/data/raw/youtube/gunshot/z-bDUm8PLoI_seg80.wav,True,5.0,0.8428415060043335,0.0920879989862442,2822.482521431429,0.1574390552662037,13.455533981323242,0.6226155757904053
/home/andres/Documentos/proyecto4geeks/data/raw/youtube/gunshot/FPsIx8GmKxg_seg166.wav,True,5.0,0.7585238218307495,0.08787768334150314,2251.6394326401505,0.1377224392361111,14.013284683227539,0.3938717544078827
/home/andres/Documentos/proyecto4geeks/data/raw/youtube/gunshot/ertsA6osNE4_seg92.wav,True,5.0,0.827971339225769,0.03984261676669121,1013.3136196626654,0.03939254195601852,53.808372497558594,6.038025856018066
/home/andres/Documentos/proyecto4geeks/data/raw/youtube/gunshot/z-bDUm8PLoI_seg273.wav,True,5.0,1.0759600400924683,0.07031387090682983,3222.8103258086126,0.25302689163773145,22.952547073364258,0.9742661118507385
/home/andres/Documentos/proyecto4geeks/data/raw/youtube/gunshot/CQ9EBbfaYgE_seg26.wav,True,5.0,0.795434296131134,0.08502183854579926,1880.3041914437347,0.11584924768518519,22.137531280517578,12.567339897155762
/home/andres/Documentos/proyecto4geeks/data/raw/youtube/gunshot/CQ9EBbfaYgE_seg64.wav,True,5.0,0.797150731086731,0.08698125928640366,3521.508050798895,0.2916847511574074,22.94316864013672,0.06141912564635277
/home/andres/Documentos/proyecto4geeks/data/raw/youtube/gunshot/z-bDUm8PLoI_seg347.wav,True,5.0,0.9105431437492371,0.0790083035826683,2323.2799159633546,0.13403772424768517,20.98736000061035,0.3248152732849121
/home/andres/Documentos/proyecto4geeks/data/raw/youtube/gunshot/T9JMGZPXLpw_seg32.wav,True,5.0,0.9224467277526855,0.08768568187952042,2360.5318345589008,0.15599003544560186,14.827272415161133,0.8629680275917053
/home/andres/Documentos/proyecto4geeks/data/raw/youtube/gunshot/z-bDUm8PLoI_seg476.wav,True,5.0,0.7381901741027832,0.07626253366470337,2841.5245942859397,0.15781882957175927,19.720230102539062,1.4443542957305908
/home/andres/Documentos/proyecto4geeks/data/raw/youtube/gunshot/FPsIx8GmKxg_seg117.wav,True,5.0,0.6388169527053833,0.0658525824546814,2441.2142033386626,0.17508951822916666,12.914886474609375,0.17317533493041992
/home/andres/Documentos/proyecto4geeks/data/raw/youtube/gunshot/z-bDUm8PLoI_seg434.wav,True,5.0,0.6492769718170166,0.08214081823825836,956.7799960730684,0.026514123987268517,13.162450790405273,8.611418724060059
/home/andres/Documentos/proyecto4geeks/data/raw/youtube/gunshot/ertsA6osNE4_seg296.wav,True,5.0,0.8876291513442993,0.06007250398397446,1256.9695646832547,0.05738661024305555,35.89169692993164,5.4817399978637695
/home/andres/Documentos/proyecto4geeks/data/raw/youtube/gunshot/CQ9EBbfaYgE_seg6.wav,True,5.0,0.7228124141693115,0.06838367879390717,2330.7291301954124,0.14042381004050927,21.0659122467041,0.4555370807647705
/home/andres/Documentos/proyecto4geeks/data/raw/youtube/gunshot/z-bDUm8PLoI_seg5.wav,True,5.0,0.776183009147644,0.07388948649168015,3262.538230155169,0.2538768627025463,18.762598037719727,1.250988483428955
/home/andres/Documentos/proyecto4geeks/data/raw/youtube/gunshot/CQ9EBbfaYgE_seg88.wav,True,5.0,0.3515290915966034,0.01954635977745056,2242.239840295581,0.16827392578125,68.12945556640625,12.939949989318848
/home/andres/Documentos/proyecto4geeks/data/raw/youtube/gunshot/z-bDUm8PLoI_seg336.wav,True,5.0,0.8063250184059143,0.09410442411899567,2600.5134212169787,0.14365415219907407,12.73049259185791,5.835821151733398
/home/andres/Documentos/proyecto4geeks/data/raw/youtube/gunshot/T9JMGZPXLpw_seg82.wav,True,5.0,0.6298351287841797,0.03517821803689003,2471.119160738706,0.16762288411458334,36.06421661376953,0.33646899461746216
/home/andres/Documentos/proyecto4geeks/data/raw/youtube/gunshot/z-bDUm8PLoI_seg135.wav,True,5.0,0.807839035987854,0.09563198685646057,2521.117148857449,0.14363832826967593,12.772577285766602,2.7191545963287354
/home/andres/Documentos/proyecto4geeks/data/raw/youtube/gunshot/z-bDUm8PLoI_seg406.wav,True,5.0,0.805528461933136,0.07360523194074631,2671.191200798736,0.14491328486689814,21.343965530395508,0.2662331759929657
/home/andres/Documentos/proyecto4geeks/data/raw/youtube/gunshot/T9JMGZPXLpw_seg21.wav,True,5.0,0.9098464250564575,0.08830807358026505,2510.448883075239,0.19441505714699073,12.92927360534668,1.0130997896194458
/home/andres/Documentos/proyecto4geeks/data/raw/youtube/gunshot/z-bDUm8PLoI_seg138.wav,True,5.0,0.7933732867240906,0.07765516638755798,2615.1146628094075,0.14152470341435186,17.725828170776367,2.997783899307251
/home/andres/Documentos/proyecto4geeks/data/raw/youtube/gunshot/T9JMGZPXLpw_seg132.wav,True,5.0,0.8635495901107788,0.07706477493047714,2293.6176577713295,0.14329246238425927,12.425210952758789,1.8098154067993164
/home/andres/Documentos/proyecto4geeks/data/raw/youtube/gunshot/z-bDUm8PLoI_seg535.wav,True,5.0,0.9971219897270203,0.13302506506443024,2808.1878112209483,0.1685813621238426,12.247876167297363,0.5192148685455322
/home/andres/Documentos/proyecto4geeks/data/raw/youtube/gunshot/CQ9EBbfaYgE_seg73.wav,True,5.0,0.7730726599693298,0.08439937978982925,2450.2451888691044,0.1749810112847222,29.427223205566406,17.720922470092773
/home/andres/Documentos/proyecto4geeks/data/raw/youtube/gunshot/z-bDUm8PLoI_seg147.wav,True,5.0,0.8308637738227844,0.09105055034160614,2796.9734367587166,0.1590892650462963,13.033823013305664,0.5379937291145325
/home/andres/Documentos/proyecto4geeks/data/raw/youtube/gunshot/z-bDUm8PLoI_seg409.wav,True,5.0,0.7991033792495728,0.07605765014886856,2817.989611461805,0.16068974247685186,20.049306869506836,1.3489079475402832
/home/andres/Documentos/proyecto4geeks/data/raw/youtube/gunshot/z-bDUm8PLoI_seg410.wav,True,5.0,1.0427029132843018,0.06880005449056625,3069.033538942875,0.24029993127893517,25.705202102661133,7.817261219024658
/home/andres/Documentos/proyecto4geeks/data/raw/youtube/gunshot/z-bDUm8PLoI_seg204.wav,True,5.0,0.9524297118186951,0.0698879286646843,2211.0178187005395,0.11768256293402778,33.734031677246094,0.33357980847358704
/home/andres/Documentos/proyecto4geeks/data/raw/youtube/gunshot/z-bDUm8PLoI_seg202.wav,True,5.0,0.8384143114089966,0.09416433423757553,2538.18726731759,0.14300989221643517,12.727614402770996,3.884082794189453
/home/andres/Documentos/proyecto4geeks/data/raw/youtube/gunshot/FPsIx8GmKxg_seg193.wav,True,5.0,0.7250024676322937,0.07208157330751419,2232.904641140326,0.13972755714699073,20.32660675048828,0.4918937087059021
/home/andres/Documentos/proyecto4geeks/data/raw/youtube/gunshot/z-bDUm8PLoI_seg10.wav,True,5.0,0.894742488861084,0.07575416564941406,2823.7029862647723,0.16106273509837962,19.1274471282959,1.2971385717391968
/home/andres/Documentos/proyecto4geeks/data/raw/youtube/gunshot/T9JMGZPXLpw_seg31.wav,True,5.0,1.0068650245666504,0.07591487467288971,2228.9468153515636,0.1443504050925926,15.236536026000977,2.4822676181793213
/home/andres/Documentos/proyecto4geeks/data/raw/youtube/gunshot/T9JMGZPXLpw_seg104.wav,True,5.0,0.8534849882125854,0.07242205739021301,2322.425705710388,0.1424537941261574,14.81120491027832,0.6339380741119385
/home/andres/Documentos/proyecto4geeks/data/raw/youtube/gunshot/CQ9EBbfaYgE_seg35.wav,True,5.0,0.7389010190963745,0.06902151554822922,2655.7491514192275,0.19216127748842593,32.465904235839844,1.5824965238571167
/home/andres/Documentos/proyecto4geeks/data/raw/youtube/gunshot/T9JMGZPXLpw_seg20.wav,True,5.0,1.0081703662872314,0.07497309148311615,2530.3333793435863,0.18944182219328703,13.743648529052734,1.13309645652771
/home/andres/Documentos/proyecto4geeks/data/raw/youtube/gunshot/z-bDUm8PLoI_seg8.wav,True,5.0,1.0440852642059326,0.0706017017364502,3181.0310918936643,0.25464997468171297,23.11310386657715,0.8268880844116211
/home/andres/Documentos/proyecto4geeks/data/raw/youtube/gunshot/z-bDUm8PLoI_seg481.wav,True,5.0,0.8959614038467407,0.07985228300094604,2321.1957125493304,0.1342705620659722,21.09835433959961,0.3146604299545288
/home/andres/Documentos/proyecto4geeks/data/raw/youtube/gunshot/CQ9EBbfaYgE_seg63.wav,True,5.0,0.758654773235321,0.06459244340658188,2429.6937530718005,0.17670808015046297,41.57076644897461,4.560010040677298e-07
/home/andres/Documentos/proyecto4geeks/data/raw/youtube/gunshot/z-bDUm8PLoI_seg1.wav,True,5.0,0.8164964914321899,0.0966261625289917,2595.9378104626608,0.1522148980034722,12.2783842086792,0.48940014839172363
/home/andres/Documentos/proyecto4geeks/data/raw/youtube/gunshot/CQ9EBbfaYgE_seg114.wav,True,5.0,0.6670970320701599,0.03941597789525986,1143.5465062188962,0.04830141420717592,62.95893096923828,34.36151123046875
/home/andres/Documentos/proyecto4geeks/data/raw/youtube/gunshot/ertsA6osNE4_seg142.wav,True,5.0,0.6803573369979858,0.060096170753240585,1226.857339335389,0.05124692563657408,24.980520248413086,5.92300271987915
/home/andres/Documentos/proyecto4geeks/data/raw/youtube/gunshot/z-bDUm8PLoI_seg547.wav,True,5.0,0.9969600439071655,0.03634132817387581,3003.895812401007,0.22790075231481483,97.60928344726562,2.8321101665496826
/home/andres/Documentos/proyecto4geeks/data/raw/youtube/gunshot/CQ9EBbfaYgE_seg48.wav,True,5.0,0.45715588331222534,0.0189871396869421,2651.5102999252163,0.19356734664351852,114.18534851074219,2.2436247490986716e-06
/home/andres/Documentos/proyecto4geeks/data/raw/youtube/gunshot/AwW31u6wYvE_seg7.wav,True,5.0,1.2139523029327393,0.1563643217086792,2228.389449942784,0.14332411024305555,14.522340774536133,24.25931739807129
/home/andres/Documentos/proyecto4geeks/data/raw/youtube/gunshot/T9JMGZPXLpw_seg116.wav,True,5.0,1.0315810441970825,0.12412814795970917,2256.4603783266775,0.13425247757523148,12.22510814666748,1.5829758644104004
/home/andres/Documentos/proyecto4geeks/data/raw/youtube/gunshot/z-bDUm8PLoI_seg346.wav,True,5.0,0.9083770513534546,0.04148297756910324,3073.177810810008,0.24028636791087962,61.264732360839844,3.79001522064209
/home/andres/Documentos/proyecto4geeks/data/raw/youtube/gunshot/FPsIx8GmKxg_seg129.wav,True,5.0,0.6627540588378906,0.03406626358628273,2254.878552808353,0.13181785300925927,104.63533020019531,0.7179834842681885
/home/andres/Documentos/proyecto4geeks/data/raw/youtube/gunshot/ertsA6osNE4_seg70.wav,True,5.0,0.7222112417221069,0.038686636835336685,1669.1685099922336,0.07630072699652778,60.350128173828125,6.318504810333252
/home/andres/Documentos/proyecto4geeks/data/raw/youtube/gunshot/ertsA6osNE4_seg16.wav,True,5.0,0.7558944225311279,0.029177043586969376,864.5354575141041,0.032124837239583336,140.56930541992188,7.6497344970703125
/home/andres/Documentos/proyecto4geeks/data/raw/youtube/gunshot/FPsIx8GmKxg_seg185.wav,True,5.0,0.5764987468719482,0.013367434963583946,2232.4363527715136,0.13216371889467593,296.23138427734375,0.9408168196678162
/home/andres/Documentos/proyecto4geeks/data/raw/youtube/gunshot/z-bDUm8PLoI_seg79.wav,True,5.0,0.8827707767486572,0.07750138640403748,2207.467174483696,0.1210010669849537,22.62297248840332,0.33288878202438354
/home/andres/Documentos/proyecto4geeks/data/raw/youtube/gunshot/CQ9EBbfaYgE_seg21.wav,True,5.0,0.8681737780570984,0.09519631415605545,1344.3349018842898,0.07239899811921297,32.091339111328125,113.01538848876953
/home/andres/Documentos/proyecto4geeks/data/raw/youtube/gunshot/FPsIx8GmKxg_seg172.wav,True,5.0,0.7804694175720215,0.09292969852685928,2240.4046725605845,0.1431003146701389,12.98970890045166,0.16358324885368347
/home/andres/Documentos/proyecto4geeks/data/raw/youtube/gunshot/CQ9EBbfaYgE_seg65.wav,True,5.0,0.7722580432891846,0.03912133350968361,2723.648728118958,0.214111328125,106.79315948486328,1.3832788467407227
/home/andres/Documentos/proyecto4geeks/data/raw/youtube/gunshot/z-bDUm8PLoI_seg414.wav,True,5.0,1.0217115879058838,0.07823998481035233,2327.3015536168045,0.13474075882523148,21.17807388305664,0.33224743604660034
/home/andres/Documentos/proyecto4geeks/data/raw/youtube/gunshot/z-bDUm8PLoI_seg393.wav,True,5.0,0.7149205207824707,0.06379968672990799,1694.131959621979,0.07151737919560185,27.182506561279297,8.545486450195312
/home/andres/Documentos/proyecto4geeks/data/raw/youtube/gunshot/HAzMpw8nicM_seg0.wav,True,5.0,0.8135937452316284,0.06758934259414673,2656.0619088248177,0.1972927517361111,27.30079460144043,0.4229172468185425
/home/andres/Documentos/proyecto4geeks/data/raw/youtube/gunshot/FPsIx8GmKxg_seg201.wav,True,5.0,0.7593160271644592,0.09338831156492233,2271.988712809614,0.1424560546875,15.110921859741211,0.3866608440876007
/home/andres/Documentos/proyecto4geeks/data/raw/youtube/gunshot/T9JMGZPXLpw_seg36.wav,True,5.0,0.8965597748756409,0.06719415634870529,2555.4707375237226,0.19502992983217593,13.128629684448242,0.3098110556602478
/home/andres/Documentos/proyecto4geeks/data/raw/youtube/gunshot/FPsIx8GmKxg_seg123.wav,True,5.0,0.6885659694671631,0.026252301409840584,2521.515171249217,0.15443702980324073,106.85098266601562,0.3571220338344574
/home/andres/Documentos/proyecto4geeks/data/raw/youtube/gunshot/CQ9EBbfaYgE_seg29.wav,True,5.0,0.34162473678588867,0.007802572567015886,2799.597372513756,0.15998444733796297,421.5970458984375,5.7512640953063965
/home/andres/Documentos/proyecto4geeks/data/raw/youtube/gunshot/z-bDUm8PLoI_seg145.wav,True,5.0,1.062911033630371,0.06550084054470062,3062.5536348216347,0.23869041160300927,28.51136589050293,8.551459312438965
/home/andres/Documentos/proyecto4geeks/data/raw/youtube/gunshot/T9JMGZPXLpw_seg75.wav,True,5.0,0.766514241695404,0.05943490192294121,2472.9307945472688,0.1532615379050926,12.563087463378906,1.6646406650543213
/home/andres/Documentos/proyecto4geeks/data/raw/youtube/gunshot/OuqZUMEl_LY_seg146.wav,True,5.0,1.2345541715621948,0.2491484433412552,3263.3462339941116,0.26738597728587965,5.703973770141602,5.019385814666748
