"audio","label","labels","human_label","human_labels","path","dataset_source","split","env","emergency","file_exists","audio_format","duration","sample_rate","channels","bit_depth","bit_velocity","size","date_modification"
"1-115545-A-48.wav","/m/0g6b5","","fire","","ESC50/1-115545-A-48.wav","ESC50","train","exterior","True","True","wav","5.0","44100","Mono","16","705600","430.71","2026-05-07 22:08:46"
"1-115545-B-48.wav","/m/0g6b5","","fire","","ESC50/1-115545-B-48.wav","ESC50","test","exterior","True","True","wav","5.0","44100","Mono","16","705600","430.71","2026-05-07 22:08:46"
"1-115545-C-48.wav","/m/0g6b5","","fire","","ESC50/1-115545-C-48.wav","ESC50","train","exterior","True","True","wav","5.0","44100","Mono","16","705600","430.71","2026-05-07 22:08:46"
"1-115546-A-48.wav","/m/0g6b5","","fire","","ESC50/1-115546-A-48.wav","ESC50","train","exterior","True","True","wav","5.0","44100","Mono","16","705600","430.71","2026-05-07 22:08:46"
"1-137296-A-16.wav","/m/0ngt1","","weather","","ESC50/1-137296-A-16.wav","ESC50","train","exterior","False","True","wav","5.0","44100","Mono","16","705600","430.71","2026-05-07 22:08:46"
"1-155858-A-25.wav","/C/footsteps_6508b080","","footsteps","","ESC50/1-155858-A-25.wav","ESC50","train","","","True","wav","5.0","44100","Mono","16","705600","430.71","2026-05-07 22:08:46"
"1-155858-B-25.wav","/C/footsteps_6508b080","","footsteps","","ESC50/1-155858-B-25.wav","ESC50","train","","","True","wav","5.0","44100","Mono","16","705600","430.71","2026-05-07 22:08:46"
"1-155858-C-25.wav","/C/footsteps_6508b080","","footsteps","","ESC50/1-155858-C-25.wav","ESC50","train","","","True","wav","5.0","44100","Mono","16","705600","430.71","2026-05-07 22:08:46"
"1-155858-D-25.wav","/C/footsteps_6508b080","","footsteps","","ESC50/1-155858-D-25.wav","ESC50","train","","","True","wav","5.0","44100","Mono","16","705600","430.71","2026-05-07 22:08:46"
"1-155858-E-25.wav","/C/footsteps_6508b080","","footsteps","","ESC50/1-155858-E-25.wav","ESC50","train","","","True","wav","5.0","44100","Mono","16","705600","430.71","2026-05-07 22:08:46"
"1-155858-F-25.wav","/C/footsteps_6508b080","","footsteps","","ESC50/1-155858-F-25.wav","ESC50","train","","","True","wav","5.0","44100","Mono","16","705600","430.71","2026-05-07 22:08:46"
"1-160563-A-48.wav","/m/0g6b5","","fire","","ESC50/1-160563-A-48.wav","ESC50","train","exterior","True","True","wav","5.0","44100","Mono","16","705600","430.71","2026-05-07 22:08:46"
"1-160563-B-48.wav","/m/0g6b5","","fire","","ESC50/1-160563-B-48.wav","ESC50","train","exterior","True","True","wav","5.0","44100","Mono","16","705600","430.71","2026-05-07 22:08:46"
"1-17124-A-43.wav","/m/0912c9","","car_horn","","ESC50/1-17124-A-43.wav","ESC50","test","indefinida","False","True","wav","5.0","44100","Mono","16","705600","430.71","2026-05-07 22:08:46"
"1-1791-A-26.wav","/C/laughing_a6a67e71","","laughing","","ESC50/1-1791-A-26.wav","ESC50","train","","","True","wav","5.0","44100","Mono","16","705600","430.71","2026-05-07 22:08:46"
"1-18527-A-44.wav","/m/07pb8fc","","engine","","ESC50/1-18527-A-44.wav","ESC50","train","indefinida","False","True","wav","5.0","44100","Mono","16","705600","430.71","2026-05-07 22:08:46"
"1-18527-B-44.wav","/m/07pb8fc","","engine","","ESC50/1-18527-B-44.wav","ESC50","train","indefinida","False","True","wav","5.0","44100","Mono","16","705600","430.71","2026-05-07 22:08:46"
"1-18631-A-23.wav","/m/0lyf6","","breathing","","ESC50/1-18631-A-23.wav","ESC50","train","interior","False","True","wav","5.0","44100","Mono","16","705600","430.71","2026-05-07 22:08:46"
"1-19026-A-43.wav","/m/0912c9","","car_horn","","ESC50/1-19026-A-43.wav","ESC50","train","indefinida","False","True","wav","5.0","44100","Mono","16","705600","430.71","2026-05-07 22:08:46"
"1-20133-A-39.wav","/m/07qcpgn","","glass_metal","","ESC50/1-20133-A-39.wav","ESC50","train","interior","False","True","wav","5.0","44100","Mono","16","705600","430.71","2026-05-07 22:08:46"
"1-223162-A-25.wav","/C/footsteps_6508b080","","footsteps","","ESC50/1-223162-A-25.wav","ESC50","test","","","True","wav","5.0","44100","Mono","16","705600","430.71","2026-05-07 22:08:46"
"1-22882-A-44.wav","/m/07pb8fc","","engine","","ESC50/1-22882-A-44.wav","ESC50","test","indefinida","False","True","wav","5.0","44100","Mono","16","705600","430.71","2026-05-07 22:08:46"
"1-24074-A-43.wav","/m/0912c9","","car_horn","","ESC50/1-24074-A-43.wav","ESC50","train","indefinida","False","True","wav","5.0","44100","Mono","16","705600","430.71","2026-05-07 22:08:46"
"1-24076-A-43.wav","/m/0912c9","","car_horn","","ESC50/1-24076-A-43.wav","ESC50","train","indefinida","False","True","wav","5.0","44100","Mono","16","705600","430.71","2026-05-07 22:08:46"
"1-254507-A-43.wav","/m/0912c9","","car_horn","","ESC50/1-254507-A-43.wav","ESC50","train","indefinida","False","True","wav","5.0","44100","Mono","16","705600","430.71","2026-05-07 22:08:46"
"1-25777-A-48.wav","/m/0g6b5","","fire","","ESC50/1-25777-A-48.wav","ESC50","train","exterior","True","True","wav","5.0","44100","Mono","16","705600","430.71","2026-05-07 22:08:46"
"1-25781-A-48.wav","/m/0g6b5","","fire","","ESC50/1-25781-A-48.wav","ESC50","train","exterior","True","True","wav","5.0","44100","Mono","16","705600","430.71","2026-05-07 22:08:46"
"1-26176-A-43.wav","/m/0912c9","","car_horn","","ESC50/1-26176-A-43.wav","ESC50","train","indefinida","False","True","wav","5.0","44100","Mono","16","705600","430.71","2026-05-07 22:08:46"
"1-26177-A-43.wav","/m/0912c9","","car_horn","","ESC50/1-26177-A-43.wav","ESC50","train","indefinida","False","True","wav","5.0","44100","Mono","16","705600","430.71","2026-05-07 22:08:46"
"1-28808-A-43.wav","/m/0912c9","","car_horn","","ESC50/1-28808-A-43.wav","ESC50","train","indefinida","False","True","wav","5.0","44100","Mono","16","705600","430.71","2026-05-07 22:08:47"
"1-29532-A-16.wav","/m/0ngt1","","weather","","ESC50/1-29532-A-16.wav","ESC50","train","exterior","False","True","wav","5.0","44100","Mono","16","705600","430.71","2026-05-07 22:08:47"
"1-30039-A-26.wav","/C/laughing_a6a67e71","","laughing","","ESC50/1-30039-A-26.wav","ESC50","train","","","True","wav","5.0","44100","Mono","16","705600","430.71","2026-05-07 22:08:47"
"1-30043-A-26.wav","/C/laughing_a6a67e71","","laughing","","ESC50/1-30043-A-26.wav","ESC50","train","","","True","wav","5.0","44100","Mono","16","705600","430.71","2026-05-07 22:08:47"
"1-30709-A-23.wav","/m/0lyf6","","breathing","","ESC50/1-30709-A-23.wav","ESC50","train","interior","False","True","wav","5.0","44100","Mono","16","705600","430.71","2026-05-07 22:08:47"
"1-30709-B-23.wav","/m/0lyf6","","breathing","","ESC50/1-30709-B-23.wav","ESC50","test","interior","False","True","wav","5.0","44100","Mono","16","705600","430.71","2026-05-07 22:08:47"
"1-30709-C-23.wav","/m/0lyf6","","breathing","","ESC50/1-30709-C-23.wav","ESC50","train","interior","False","True","wav","5.0","44100","Mono","16","705600","430.71","2026-05-07 22:08:47"
"1-31482-A-42.wav","/m/07pp_mv","","alert_higth","","ESC50/1-31482-A-42.wav","ESC50","train","indefinida","True","True","wav","5.0","44100","Mono","16","705600","430.71","2026-05-07 22:08:47"
"1-31482-B-42.wav","/m/07pp_mv","","alert_higth","","ESC50/1-31482-B-42.wav","ESC50","train","indefinida","True","True","wav","5.0","44100","Mono","16","705600","430.71","2026-05-07 22:08:47"
"1-33658-A-26.wav","/C/laughing_a6a67e71","","laughing","","ESC50/1-33658-A-26.wav","ESC50","train","","","True","wav","5.0","44100","Mono","16","705600","430.71","2026-05-07 22:08:47"
"1-36164-A-26.wav","/C/laughing_a6a67e71","","laughing","","ESC50/1-36164-A-26.wav","ESC50","train","","","True","wav","5.0","44100","Mono","16","705600","430.71","2026-05-07 22:08:47"
"1-36164-B-26.wav","/C/laughing_a6a67e71","","laughing","","ESC50/1-36164-B-26.wav","ESC50","train","","","True","wav","5.0","44100","Mono","16","705600","430.71","2026-05-07 22:08:47"
"1-36393-A-23.wav","/m/0lyf6","","breathing","","ESC50/1-36393-A-23.wav","ESC50","train","interior","False","True","wav","5.0","44100","Mono","16","705600","430.71","2026-05-07 22:08:47"
"1-36397-A-23.wav","/m/0lyf6","","breathing","","ESC50/1-36397-A-23.wav","ESC50","train","interior","False","True","wav","5.0","44100","Mono","16","705600","430.71","2026-05-07 22:08:47"
"1-36400-A-23.wav","/m/0lyf6","","breathing","","ESC50/1-36400-A-23.wav","ESC50","test","interior","False","True","wav","5.0","44100","Mono","16","705600","430.71","2026-05-07 22:08:47"
"1-36402-A-23.wav","/m/0lyf6","","breathing","","ESC50/1-36402-A-23.wav","ESC50","train","interior","False","True","wav","5.0","44100","Mono","16","705600","430.71","2026-05-07 22:08:47"
"1-47709-A-16.wav","/m/0ngt1","","weather","","ESC50/1-47709-A-16.wav","ESC50","train","exterior","False","True","wav","5.0","44100","Mono","16","705600","430.71","2026-05-07 22:08:47"
"1-47714-A-16.wav","/m/0ngt1","","weather","","ESC50/1-47714-A-16.wav","ESC50","train","exterior","False","True","wav","5.0","44100","Mono","16","705600","430.71","2026-05-07 22:08:47"
"1-50454-A-44.wav","/m/07pb8fc","","engine","","ESC50/1-50454-A-44.wav","ESC50","train","indefinida","False","True","wav","5.0","44100","Mono","16","705600","430.71","2026-05-07 22:08:47"
"1-50455-A-44.wav","/m/07pb8fc","","engine","","ESC50/1-50455-A-44.wav","ESC50","test","indefinida","False","True","wav","5.0","44100","Mono","16","705600","430.71","2026-05-07 22:08:47"
"1-50661-A-44.wav","/m/07pb8fc","","engine","","ESC50/1-50661-A-44.wav","ESC50","test","indefinida","False","True","wav","5.0","44100","Mono","16","705600","430.71","2026-05-07 22:08:47"
"1-51035-A-16.wav","/m/0ngt1","","weather","","ESC50/1-51035-A-16.wav","ESC50","test","exterior","False","True","wav","5.0","44100","Mono","16","705600","430.71","2026-05-07 22:08:47"
"1-51036-A-16.wav","/m/0ngt1","","weather","","ESC50/1-51036-A-16.wav","ESC50","train","exterior","False","True","wav","5.0","44100","Mono","16","705600","430.71","2026-05-07 22:08:47"
"1-51037-A-16.wav","/m/0ngt1","","weather","","ESC50/1-51037-A-16.wav","ESC50","test","exterior","False","True","wav","5.0","44100","Mono","16","705600","430.71","2026-05-07 22:08:47"
"1-51147-A-25.wav","/C/footsteps_6508b080","","footsteps","","ESC50/1-51147-A-25.wav","ESC50","test","","","True","wav","5.0","44100","Mono","16","705600","430.71","2026-05-07 22:08:47"
"1-54084-A-42.wav","/m/07pp_mv","","alert_higth","","ESC50/1-54084-A-42.wav","ESC50","test","indefinida","True","True","wav","5.0","44100","Mono","16","705600","430.71","2026-05-07 22:08:47"
"1-61261-A-44.wav","/m/07pb8fc","","engine","","ESC50/1-61261-A-44.wav","ESC50","train","indefinida","False","True","wav","5.0","44100","Mono","16","705600","430.71","2026-05-07 22:08:47"
"1-62565-A-44.wav","/m/07pb8fc","","engine","","ESC50/1-62565-A-44.wav","ESC50","train","indefinida","False","True","wav","5.0","44100","Mono","16","705600","430.71","2026-05-07 22:08:47"
"1-69760-A-16.wav","/m/0ngt1","","weather","","ESC50/1-69760-A-16.wav","ESC50","train","exterior","False","True","wav","5.0","44100","Mono","16","705600","430.71","2026-05-07 22:08:47"
"1-72695-A-26.wav","/C/laughing_a6a67e71","","laughing","","ESC50/1-72695-A-26.wav","ESC50","test","","","True","wav","5.0","44100","Mono","16","705600","430.71","2026-05-07 22:08:47"
"1-73123-A-26.wav","/C/laughing_a6a67e71","","laughing","","ESC50/1-73123-A-26.wav","ESC50","train","","","True","wav","5.0","44100","Mono","16","705600","430.71","2026-05-07 22:08:47"
"1-76831-A-42.wav","/m/07pp_mv","","alert_higth","","ESC50/1-76831-A-42.wav","ESC50","train","indefinida","True","True","wav","5.0","44100","Mono","16","705600","430.71","2026-05-07 22:08:47"
"1-76831-B-42.wav","/m/07pp_mv","","alert_higth","","ESC50/1-76831-B-42.wav","ESC50","train","indefinida","True","True","wav","5.0","44100","Mono","16","705600","430.71","2026-05-07 22:08:47"
"1-76831-C-42.wav","/m/07pp_mv","","alert_higth","","ESC50/1-76831-C-42.wav","ESC50","train","indefinida","True","True","wav","5.0","44100","Mono","16","705600","430.71","2026-05-07 22:08:47"
"1-76831-D-42.wav","/m/07pp_mv","","alert_higth","","ESC50/1-76831-D-42.wav","ESC50","train","indefinida","True","True","wav","5.0","44100","Mono","16","705600","430.71","2026-05-07 22:08:47"
"1-76831-E-42.wav","/m/07pp_mv","","alert_higth","","ESC50/1-76831-E-42.wav","ESC50","train","indefinida","True","True","wav","5.0","44100","Mono","16","705600","430.71","2026-05-07 22:08:47"
"1-84536-A-39.wav","/m/07qcpgn","","glass_metal","","ESC50/1-84536-A-39.wav","ESC50","train","interior","False","True","wav","5.0","44100","Mono","16","705600","430.71","2026-05-07 22:08:47"
"1-84704-A-39.wav","/m/07qcpgn","","glass_metal","","ESC50/1-84704-A-39.wav","ESC50","train","interior","False","True","wav","5.0","44100","Mono","16","705600","430.71","2026-05-07 22:08:47"
"1-84705-A-39.wav","/m/07qcpgn","","glass_metal","","ESC50/1-84705-A-39.wav","ESC50","train","interior","False","True","wav","5.0","44100","Mono","16","705600","430.71","2026-05-07 22:08:47"
"1-85168-A-39.wav","/m/07qcpgn","","glass_metal","","ESC50/1-85168-A-39.wav","ESC50","train","interior","False","True","wav","5.0","44100","Mono","16","705600","430.71","2026-05-07 22:08:47"
"1-85184-A-39.wav","/m/07qcpgn","","glass_metal","","ESC50/1-85184-A-39.wav","ESC50","train","interior","False","True","wav","5.0","44100","Mono","16","705600","430.71","2026-05-07 22:08:47"
"1-88807-A-39.wav","/m/07qcpgn","","glass_metal","","ESC50/1-88807-A-39.wav","ESC50","train","interior","False","True","wav","5.0","44100","Mono","16","705600","430.71","2026-05-07 22:08:47"
"1-977-A-39.wav","/m/07qcpgn","","glass_metal","","ESC50/1-977-A-39.wav","ESC50","test","interior","False","True","wav","5.0","44100","Mono","16","705600","430.71","2026-05-07 22:08:47"
"2-100648-A-43.wav","/m/0912c9","","car_horn","","ESC50/2-100648-A-43.wav","ESC50","train","indefinida","False","True","wav","5.0","44100","Mono","16","705600","430.71","2026-05-07 22:08:47"
"2-104952-A-16.wav","/m/0ngt1","","weather","","ESC50/2-104952-A-16.wav","ESC50","train","exterior","False","True","wav","5.0","44100","Mono","16","705600","430.71","2026-05-07 22:08:47"
"2-104952-B-16.wav","/m/0ngt1","","weather","","ESC50/2-104952-B-16.wav","ESC50","train","exterior","False","True","wav","5.0","44100","Mono","16","705600","430.71","2026-05-07 22:08:47"
"2-106014-A-44.wav","/m/07pb8fc","","engine","","ESC50/2-106014-A-44.wav","ESC50","train","indefinida","False","True","wav","5.0","44100","Mono","16","705600","430.71","2026-05-07 22:08:47"
"2-106015-A-44.wav","/m/07pb8fc","","engine","","ESC50/2-106015-A-44.wav","ESC50","train","indefinida","False","True","wav","5.0","44100","Mono","16","705600","430.71","2026-05-07 22:08:47"
"2-106015-B-44.wav","/m/07pb8fc","","engine","","ESC50/2-106015-B-44.wav","ESC50","train","indefinida","False","True","wav","5.0","44100","Mono","16","705600","430.71","2026-05-07 22:08:47"
"2-106486-A-44.wav","/m/07pb8fc","","engine","","ESC50/2-106486-A-44.wav","ESC50","train","indefinida","False","True","wav","5.0","44100","Mono","16","705600","430.71","2026-05-07 22:08:47"
"2-106487-A-44.wav","/m/07pb8fc","","engine","","ESC50/2-106487-A-44.wav","ESC50","train","indefinida","False","True","wav","5.0","44100","Mono","16","705600","430.71","2026-05-07 22:08:47"
"2-106881-A-39.wav","/m/07qcpgn","","glass_metal","","ESC50/2-106881-A-39.wav","ESC50","test","interior","False","True","wav","5.0","44100","Mono","16","705600","430.71","2026-05-07 22:08:47"
"2-107228-A-44.wav","/m/07pb8fc","","engine","","ESC50/2-107228-A-44.wav","ESC50","train","indefinida","False","True","wav","5.0","44100","Mono","16","705600","430.71","2026-05-07 22:08:47"
"2-107228-B-44.wav","/m/07pb8fc","","engine","","ESC50/2-107228-B-44.wav","ESC50","train","indefinida","False","True","wav","5.0","44100","Mono","16","705600","430.71","2026-05-07 22:08:47"
"2-109371-A-16.wav","/m/0ngt1","","weather","","ESC50/2-109371-A-16.wav","ESC50","train","exterior","False","True","wav","5.0","44100","Mono","16","705600","430.71","2026-05-07 22:08:47"
"2-109371-B-16.wav","/m/0ngt1","","weather","","ESC50/2-109371-B-16.wav","ESC50","train","exterior","False","True","wav","5.0","44100","Mono","16","705600","430.71","2026-05-07 22:08:47"
"2-109371-C-16.wav","/m/0ngt1","","weather","","ESC50/2-109371-C-16.wav","ESC50","train","exterior","False","True","wav","5.0","44100","Mono","16","705600","430.71","2026-05-07 22:08:47"
"2-109371-D-16.wav","/m/0ngt1","","weather","","ESC50/2-109371-D-16.wav","ESC50","train","exterior","False","True","wav","5.0","44100","Mono","16","705600","430.71","2026-05-07 22:08:47"
"2-109374-A-16.wav","/m/0ngt1","","weather","","ESC50/2-109374-A-16.wav","ESC50","test","exterior","False","True","wav","5.0","44100","Mono","16","705600","430.71","2026-05-07 22:08:47"
"2-109759-A-26.wav","/C/laughing_a6a67e71","","laughing","","ESC50/2-109759-A-26.wav","ESC50","test","","","True","wav","5.0","44100","Mono","16","705600","430.71","2026-05-07 22:08:47"
"2-109759-B-26.wav","/C/laughing_a6a67e71","","laughing","","ESC50/2-109759-B-26.wav","ESC50","train","","","True","wav","5.0","44100","Mono","16","705600","430.71","2026-05-07 22:08:47"
"2-112213-A-39.wav","/m/07qcpgn","","glass_metal","","ESC50/2-112213-A-39.wav","ESC50","train","interior","False","True","wav","5.0","44100","Mono","16","705600","430.71","2026-05-07 22:08:47"
"2-112213-B-39.wav","/m/07qcpgn","","glass_metal","","ESC50/2-112213-B-39.wav","ESC50","test","interior","False","True","wav","5.0","44100","Mono","16","705600","430.71","2026-05-07 22:08:47"
"2-117615-A-48.wav","/m/0g6b5","","fire","","ESC50/2-117615-A-48.wav","ESC50","train","exterior","True","True","wav","5.0","44100","Mono","16","705600","430.71","2026-05-07 22:08:48"
"2-117615-B-48.wav","/m/0g6b5","","fire","","ESC50/2-117615-B-48.wav","ESC50","train","exterior","True","True","wav","5.0","44100","Mono","16","705600","430.71","2026-05-07 22:08:48"
"2-117615-C-48.wav","/m/0g6b5","","fire","","ESC50/2-117615-C-48.wav","ESC50","train","exterior","True","True","wav","5.0","44100","Mono","16","705600","430.71","2026-05-07 22:08:48"
"2-117615-D-48.wav","/m/0g6b5","","fire","","ESC50/2-117615-D-48.wav","ESC50","train","exterior","True","True","wav","5.0","44100","Mono","16","705600","430.71","2026-05-07 22:08:48"
"2-117615-E-48.wav","/m/0g6b5","","fire","","ESC50/2-117615-E-48.wav","ESC50","train","exterior","True","True","wav","5.0","44100","Mono","16","705600","430.71","2026-05-07 22:08:48"
"2-117616-A-48.wav","/m/0g6b5","","fire","","ESC50/2-117616-A-48.wav","ESC50","train","exterior","True","True","wav","5.0","44100","Mono","16","705600","430.71","2026-05-07 22:08:48"
"2-117617-A-48.wav","/m/0g6b5","","fire","","ESC50/2-117617-A-48.wav","ESC50","train","exterior","True","True","wav","5.0","44100","Mono","16","705600","430.71","2026-05-07 22:08:48"
"2-125520-A-43.wav","/m/0912c9","","car_horn","","ESC50/2-125520-A-43.wav","ESC50","test","indefinida","False","True","wav","5.0","44100","Mono","16","705600","430.71","2026-05-07 22:08:48"
"2-128465-A-43.wav","/m/0912c9","","car_horn","","ESC50/2-128465-A-43.wav","ESC50","train","indefinida","False","True","wav","5.0","44100","Mono","16","705600","430.71","2026-05-07 22:08:48"
"2-128465-B-43.wav","/m/0912c9","","car_horn","","ESC50/2-128465-B-43.wav","ESC50","train","indefinida","False","True","wav","5.0","44100","Mono","16","705600","430.71","2026-05-07 22:08:48"
"2-138465-A-43.wav","/m/0912c9","","car_horn","","ESC50/2-138465-A-43.wav","ESC50","test","indefinida","False","True","wav","5.0","44100","Mono","16","705600","430.71","2026-05-07 22:08:48"
"2-141563-A-39.wav","/m/07qcpgn","","glass_metal","","ESC50/2-141563-A-39.wav","ESC50","train","interior","False","True","wav","5.0","44100","Mono","16","705600","430.71","2026-05-07 22:08:48"
"2-144137-A-43.wav","/m/0912c9","","car_horn","","ESC50/2-144137-A-43.wav","ESC50","train","indefinida","False","True","wav","5.0","44100","Mono","16","705600","430.71","2026-05-07 22:08:48"
"2-165801-A-48.wav","/m/0g6b5","","fire","","ESC50/2-165801-A-48.wav","ESC50","test","exterior","True","True","wav","5.0","44100","Mono","16","705600","430.71","2026-05-07 22:08:48"
"2-173559-A-39.wav","/m/07qcpgn","","glass_metal","","ESC50/2-173559-A-39.wav","ESC50","test","interior","False","True","wav","5.0","44100","Mono","16","705600","430.71","2026-05-07 22:08:48"
"2-173607-A-39.wav","/m/07qcpgn","","glass_metal","","ESC50/2-173607-A-39.wav","ESC50","train","interior","False","True","wav","5.0","44100","Mono","16","705600","430.71","2026-05-07 22:08:48"
"2-173618-A-39.wav","/m/07qcpgn","","glass_metal","","ESC50/2-173618-A-39.wav","ESC50","train","interior","False","True","wav","5.0","44100","Mono","16","705600","430.71","2026-05-07 22:08:48"
"2-205966-A-16.wav","/m/0ngt1","","weather","","ESC50/2-205966-A-16.wav","ESC50","train","exterior","False","True","wav","5.0","44100","Mono","16","705600","430.71","2026-05-07 22:08:48"
"2-209471-A-25.wav","/C/footsteps_6508b080","","footsteps","","ESC50/2-209471-A-25.wav","ESC50","train","","","True","wav","5.0","44100","Mono","16","705600","430.71","2026-05-07 22:08:48"
"2-209472-A-25.wav","/C/footsteps_6508b080","","footsteps","","ESC50/2-209472-A-25.wav","ESC50","train","","","True","wav","5.0","44100","Mono","16","705600","430.71","2026-05-07 22:08:48"
"2-209473-A-25.wav","/C/footsteps_6508b080","","footsteps","","ESC50/2-209473-A-25.wav","ESC50","train","","","True","wav","5.0","44100","Mono","16","705600","430.71","2026-05-07 22:08:48"
"2-209474-A-25.wav","/C/footsteps_6508b080","","footsteps","","ESC50/2-209474-A-25.wav","ESC50","train","","","True","wav","5.0","44100","Mono","16","705600","430.71","2026-05-07 22:08:48"
"2-209475-A-25.wav","/C/footsteps_6508b080","","footsteps","","ESC50/2-209475-A-25.wav","ESC50","train","","","True","wav","5.0","44100","Mono","16","705600","430.71","2026-05-07 22:08:48"
"2-209476-A-25.wav","/C/footsteps_6508b080","","footsteps","","ESC50/2-209476-A-25.wav","ESC50","train","","","True","wav","5.0","44100","Mono","16","705600","430.71","2026-05-07 22:08:48"
"2-209477-A-25.wav","/C/footsteps_6508b080","","footsteps","","ESC50/2-209477-A-25.wav","ESC50","train","","","True","wav","5.0","44100","Mono","16","705600","430.71","2026-05-07 22:08:48"
"2-209478-A-25.wav","/C/footsteps_6508b080","","footsteps","","ESC50/2-209478-A-25.wav","ESC50","train","","","True","wav","5.0","44100","Mono","16","705600","430.71","2026-05-07 22:08:48"
"2-250710-A-39.wav","/m/07qcpgn","","glass_metal","","ESC50/2-250710-A-39.wav","ESC50","train","interior","False","True","wav","5.0","44100","Mono","16","705600","430.71","2026-05-07 22:08:48"
"2-42101-A-43.wav","/m/0912c9","","car_horn","","ESC50/2-42101-A-43.wav","ESC50","train","indefinida","False","True","wav","5.0","44100","Mono","16","705600","430.71","2026-05-07 22:08:48"
"2-43802-A-42.wav","/m/07pp_mv","","alert_higth","","ESC50/2-43802-A-42.wav","ESC50","train","indefinida","True","True","wav","5.0","44100","Mono","16","705600","430.71","2026-05-07 22:08:48"
"2-43806-A-42.wav","/m/07pp_mv","","alert_higth","","ESC50/2-43806-A-42.wav","ESC50","test","indefinida","True","True","wav","5.0","44100","Mono","16","705600","430.71","2026-05-07 22:08:48"
"2-50774-A-23.wav","/m/0lyf6","","breathing","","ESC50/2-50774-A-23.wav","ESC50","train","interior","False","True","wav","5.0","44100","Mono","16","705600","430.71","2026-05-07 22:08:48"
"2-54086-A-43.wav","/m/0912c9","","car_horn","","ESC50/2-54086-A-43.wav","ESC50","train","indefinida","False","True","wav","5.0","44100","Mono","16","705600","430.71","2026-05-07 22:08:48"
"2-54961-A-23.wav","/m/0lyf6","","breathing","","ESC50/2-54961-A-23.wav","ESC50","train","interior","False","True","wav","5.0","44100","Mono","16","705600","430.71","2026-05-07 22:08:48"
"2-54962-A-23.wav","/m/0lyf6","","breathing","","ESC50/2-54962-A-23.wav","ESC50","train","interior","False","True","wav","5.0","44100","Mono","16","705600","430.71","2026-05-07 22:08:48"
"2-60791-A-26.wav","/C/laughing_a6a67e71","","laughing","","ESC50/2-60791-A-26.wav","ESC50","train","","","True","wav","5.0","44100","Mono","16","705600","430.71","2026-05-07 22:08:48"
"2-60794-A-26.wav","/C/laughing_a6a67e71","","laughing","","ESC50/2-60794-A-26.wav","ESC50","train","","","True","wav","5.0","44100","Mono","16","705600","430.71","2026-05-07 22:08:48"
"2-60795-A-26.wav","/C/laughing_a6a67e71","","laughing","","ESC50/2-60795-A-26.wav","ESC50","train","","","True","wav","5.0","44100","Mono","16","705600","430.71","2026-05-07 22:08:48"
"2-62226-A-26.wav","/C/laughing_a6a67e71","","laughing","","ESC50/2-62226-A-26.wav","ESC50","train","","","True","wav","5.0","44100","Mono","16","705600","430.71","2026-05-07 22:08:48"
"2-66205-A-23.wav","/m/0lyf6","","breathing","","ESC50/2-66205-A-23.wav","ESC50","test","interior","False","True","wav","5.0","44100","Mono","16","705600","430.71","2026-05-07 22:08:48"
"2-70052-A-42.wav","/m/07pp_mv","","alert_higth","","ESC50/2-70052-A-42.wav","ESC50","train","indefinida","True","True","wav","5.0","44100","Mono","16","705600","430.71","2026-05-07 22:08:48"
"2-70052-B-42.wav","/m/07pp_mv","","alert_higth","","ESC50/2-70052-B-42.wav","ESC50","train","indefinida","True","True","wav","5.0","44100","Mono","16","705600","430.71","2026-05-07 22:08:48"
"2-70936-A-42.wav","/m/07pp_mv","","alert_higth","","ESC50/2-70936-A-42.wav","ESC50","train","indefinida","True","True","wav","5.0","44100","Mono","16","705600","430.71","2026-05-07 22:08:48"
"2-70938-A-42.wav","/m/07pp_mv","","alert_higth","","ESC50/2-70938-A-42.wav","ESC50","test","indefinida","True","True","wav","5.0","44100","Mono","16","705600","430.71","2026-05-07 22:08:48"
"2-70939-A-42.wav","/m/07pp_mv","","alert_higth","","ESC50/2-70939-A-42.wav","ESC50","train","indefinida","True","True","wav","5.0","44100","Mono","16","705600","430.71","2026-05-07 22:08:48"
"2-72688-A-42.wav","/m/07pp_mv","","alert_higth","","ESC50/2-72688-A-42.wav","ESC50","train","indefinida","True","True","wav","5.0","44100","Mono","16","705600","430.71","2026-05-07 22:08:48"
"2-78651-A-44.wav","/m/07pb8fc","","engine","","ESC50/2-78651-A-44.wav","ESC50","train","indefinida","False","True","wav","5.0","44100","Mono","16","705600","430.71","2026-05-07 22:08:48"
"2-79769-A-26.wav","/C/laughing_a6a67e71","","laughing","","ESC50/2-79769-A-26.wav","ESC50","train","","","True","wav","5.0","44100","Mono","16","705600","430.71","2026-05-07 22:08:48"
"2-79775-A-26.wav","/C/laughing_a6a67e71","","laughing","","ESC50/2-79775-A-26.wav","ESC50","train","","","True","wav","5.0","44100","Mono","16","705600","430.71","2026-05-07 22:08:48"
"2-82455-A-23.wav","/m/0lyf6","","breathing","","ESC50/2-82455-A-23.wav","ESC50","train","interior","False","True","wav","5.0","44100","Mono","16","705600","430.71","2026-05-07 22:08:48"
"2-84965-A-23.wav","/m/0lyf6","","breathing","","ESC50/2-84965-A-23.wav","ESC50","train","interior","False","True","wav","5.0","44100","Mono","16","705600","430.71","2026-05-07 22:08:48"
"2-95567-A-23.wav","/m/0lyf6","","breathing","","ESC50/2-95567-A-23.wav","ESC50","train","interior","False","True","wav","5.0","44100","Mono","16","705600","430.71","2026-05-07 22:08:48"
"2-98392-A-23.wav","/m/0lyf6","","breathing","","ESC50/2-98392-A-23.wav","ESC50","train","interior","False","True","wav","5.0","44100","Mono","16","705600","430.71","2026-05-07 22:08:48"
"3-103597-A-25.wav","/C/footsteps_6508b080","","footsteps","","ESC50/3-103597-A-25.wav","ESC50","train","","","True","wav","5.0","44100","Mono","16","705600","430.71","2026-05-07 22:08:49"
"3-103598-A-25.wav","/C/footsteps_6508b080","","footsteps","","ESC50/3-103598-A-25.wav","ESC50","train","","","True","wav","5.0","44100","Mono","16","705600","430.71","2026-05-07 22:08:49"
"3-103599-A-25.wav","/C/footsteps_6508b080","","footsteps","","ESC50/3-103599-A-25.wav","ESC50","train","","","True","wav","5.0","44100","Mono","16","705600","430.71","2026-05-07 22:08:49"
"3-103599-B-25.wav","/C/footsteps_6508b080","","footsteps","","ESC50/3-103599-B-25.wav","ESC50","train","","","True","wav","5.0","44100","Mono","16","705600","430.71","2026-05-07 22:08:49"
"3-107123-A-26.wav","/C/laughing_a6a67e71","","laughing","","ESC50/3-107123-A-26.wav","ESC50","train","","","True","wav","5.0","44100","Mono","16","705600","430.71","2026-05-07 22:08:49"
"3-108160-A-23.wav","/m/0lyf6","","breathing","","ESC50/3-108160-A-23.wav","ESC50","test","interior","False","True","wav","5.0","44100","Mono","16","705600","430.71","2026-05-07 22:08:49"
"3-110536-A-26.wav","/C/laughing_a6a67e71","","laughing","","ESC50/3-110536-A-26.wav","ESC50","train","","","True","wav","5.0","44100","Mono","16","705600","430.71","2026-05-07 22:08:49"
"3-112557-A-23.wav","/m/0lyf6","","breathing","","ESC50/3-112557-A-23.wav","ESC50","test","interior","False","True","wav","5.0","44100","Mono","16","705600","430.71","2026-05-07 22:08:49"
"3-112557-B-23.wav","/m/0lyf6","","breathing","","ESC50/3-112557-B-23.wav","ESC50","train","interior","False","True","wav","5.0","44100","Mono","16","705600","430.71","2026-05-07 22:08:49"
"3-115382-A-44.wav","/m/07pb8fc","","engine","","ESC50/3-115382-A-44.wav","ESC50","train","indefinida","False","True","wav","5.0","44100","Mono","16","705600","430.71","2026-05-07 22:08:49"
"3-117504-A-16.wav","/m/0ngt1","","weather","","ESC50/3-117504-A-16.wav","ESC50","train","exterior","False","True","wav","5.0","44100","Mono","16","705600","430.71","2026-05-07 22:08:49"
"3-117504-B-16.wav","/m/0ngt1","","weather","","ESC50/3-117504-B-16.wav","ESC50","train","exterior","False","True","wav","5.0","44100","Mono","16","705600","430.71","2026-05-07 22:08:49"
"3-118487-A-26.wav","/C/laughing_a6a67e71","","laughing","","ESC50/3-118487-A-26.wav","ESC50","train","","","True","wav","5.0","44100","Mono","16","705600","430.71","2026-05-07 22:08:49"
"3-119120-A-48.wav","/m/0g6b5","","fire","","ESC50/3-119120-A-48.wav","ESC50","train","exterior","True","True","wav","5.0","44100","Mono","16","705600","430.71","2026-05-07 22:08:49"
"3-119120-B-48.wav","/m/0g6b5","","fire","","ESC50/3-119120-B-48.wav","ESC50","train","exterior","True","True","wav","5.0","44100","Mono","16","705600","430.71","2026-05-07 22:08:49"
"3-119120-C-48.wav","/m/0g6b5","","fire","","ESC50/3-119120-C-48.wav","ESC50","train","exterior","True","True","wav","5.0","44100","Mono","16","705600","430.71","2026-05-07 22:08:49"
"3-119120-D-48.wav","/m/0g6b5","","fire","","ESC50/3-119120-D-48.wav","ESC50","test","exterior","True","True","wav","5.0","44100","Mono","16","705600","430.71","2026-05-07 22:08:49"
"3-119120-E-48.wav","/m/0g6b5","","fire","","ESC50/3-119120-E-48.wav","ESC50","test","exterior","True","True","wav","5.0","44100","Mono","16","705600","430.71","2026-05-07 22:08:49"
"3-119455-A-44.wav","/m/07pb8fc","","engine","","ESC50/3-119455-A-44.wav","ESC50","train","indefinida","False","True","wav","5.0","44100","Mono","16","705600","430.71","2026-05-07 22:08:49"
"3-119459-A-26.wav","/C/laughing_a6a67e71","","laughing","","ESC50/3-119459-A-26.wav","ESC50","train","","","True","wav","5.0","44100","Mono","16","705600","430.71","2026-05-07 22:08:49"
"3-126113-A-26.wav","/C/laughing_a6a67e71","","laughing","","ESC50/3-126113-A-26.wav","ESC50","train","","","True","wav","5.0","44100","Mono","16","705600","430.71","2026-05-07 22:08:49"
"3-128160-A-44.wav","/m/07pb8fc","","engine","","ESC50/3-128160-A-44.wav","ESC50","train","indefinida","False","True","wav","5.0","44100","Mono","16","705600","430.71","2026-05-07 22:08:49"
"3-132747-A-26.wav","/C/laughing_a6a67e71","","laughing","","ESC50/3-132747-A-26.wav","ESC50","test","","","True","wav","5.0","44100","Mono","16","705600","430.71","2026-05-07 22:08:49"
"3-134699-A-16.wav","/m/0ngt1","","weather","","ESC50/3-134699-A-16.wav","ESC50","train","exterior","False","True","wav","5.0","44100","Mono","16","705600","430.71","2026-05-07 22:08:49"
"3-134699-B-16.wav","/m/0ngt1","","weather","","ESC50/3-134699-B-16.wav","ESC50","train","exterior","False","True","wav","5.0","44100","Mono","16","705600","430.71","2026-05-07 22:08:49"
"3-134699-C-16.wav","/m/0ngt1","","weather","","ESC50/3-134699-C-16.wav","ESC50","test","exterior","False","True","wav","5.0","44100","Mono","16","705600","430.71","2026-05-07 22:08:49"
"3-136608-A-16.wav","/m/0ngt1","","weather","","ESC50/3-136608-A-16.wav","ESC50","train","exterior","False","True","wav","5.0","44100","Mono","16","705600","430.71","2026-05-07 22:08:49"
"3-141240-A-44.wav","/m/07pb8fc","","engine","","ESC50/3-141240-A-44.wav","ESC50","train","indefinida","False","True","wav","5.0","44100","Mono","16","705600","430.71","2026-05-07 22:08:49"
"3-141240-B-44.wav","/m/07pb8fc","","engine","","ESC50/3-141240-B-44.wav","ESC50","train","indefinida","False","True","wav","5.0","44100","Mono","16","705600","430.71","2026-05-07 22:08:49"
"3-144128-A-23.wav","/m/0lyf6","","breathing","","ESC50/3-144128-A-23.wav","ESC50","train","interior","False","True","wav","5.0","44100","Mono","16","705600","430.71","2026-05-07 22:08:49"
"3-144128-B-23.wav","/m/0lyf6","","breathing","","ESC50/3-144128-B-23.wav","ESC50","test","interior","False","True","wav","5.0","44100","Mono","16","705600","430.71","2026-05-07 22:08:49"
"3-145577-A-43.wav","/m/0912c9","","car_horn","","ESC50/3-145577-A-43.wav","ESC50","train","indefinida","False","True","wav","5.0","44100","Mono","16","705600","430.71","2026-05-07 22:08:49"
"3-146186-A-44.wav","/m/07pb8fc","","engine","","ESC50/3-146186-A-44.wav","ESC50","train","indefinida","False","True","wav","5.0","44100","Mono","16","705600","430.71","2026-05-07 22:08:49"
"3-146697-A-43.wav","/m/0912c9","","car_horn","","ESC50/3-146697-A-43.wav","ESC50","train","indefinida","False","True","wav","5.0","44100","Mono","16","705600","430.71","2026-05-07 22:08:49"
"3-151206-A-23.wav","/m/0lyf6","","breathing","","ESC50/3-151206-A-23.wav","ESC50","train","interior","False","True","wav","5.0","44100","Mono","16","705600","430.71","2026-05-07 22:08:49"
"3-152912-A-26.wav","/C/laughing_a6a67e71","","laughing","","ESC50/3-152912-A-26.wav","ESC50","train","","","True","wav","5.0","44100","Mono","16","705600","430.71","2026-05-07 22:08:49"
"3-152997-A-26.wav","/C/laughing_a6a67e71","","laughing","","ESC50/3-152997-A-26.wav","ESC50","train","","","True","wav","5.0","44100","Mono","16","705600","430.71","2026-05-07 22:08:49"
"3-153057-A-43.wav","/m/0912c9","","car_horn","","ESC50/3-153057-A-43.wav","ESC50","train","indefinida","False","True","wav","5.0","44100","Mono","16","705600","430.71","2026-05-07 22:08:49"
"3-154758-A-44.wav","/m/07pb8fc","","engine","","ESC50/3-154758-A-44.wav","ESC50","train","indefinida","False","True","wav","5.0","44100","Mono","16","705600","430.71","2026-05-07 22:08:49"
"3-155130-A-43.wav","/m/0912c9","","car_horn","","ESC50/3-155130-A-43.wav","ESC50","train","indefinida","False","True","wav","5.0","44100","Mono","16","705600","430.71","2026-05-07 22:08:49"
"3-155234-A-43.wav","/m/0912c9","","car_horn","","ESC50/3-155234-A-43.wav","ESC50","train","indefinida","False","True","wav","5.0","44100","Mono","16","705600","430.71","2026-05-07 22:08:49"
"3-161010-A-43.wav","/m/0912c9","","car_horn","","ESC50/3-161010-A-43.wav","ESC50","train","indefinida","False","True","wav","5.0","44100","Mono","16","705600","430.71","2026-05-07 22:08:49"
"3-166125-A-23.wav","/m/0lyf6","","breathing","","ESC50/3-166125-A-23.wav","ESC50","train","interior","False","True","wav","5.0","44100","Mono","16","705600","430.71","2026-05-07 22:08:49"
"3-166125-B-23.wav","/m/0lyf6","","breathing","","ESC50/3-166125-B-23.wav","ESC50","test","interior","False","True","wav","5.0","44100","Mono","16","705600","430.71","2026-05-07 22:08:49"
"3-172881-A-48.wav","/m/0g6b5","","fire","","ESC50/3-172881-A-48.wav","ESC50","test","exterior","True","True","wav","5.0","44100","Mono","16","705600","430.71","2026-05-07 22:08:49"
"3-172922-A-48.wav","/m/0g6b5","","fire","","ESC50/3-172922-A-48.wav","ESC50","test","exterior","True","True","wav","5.0","44100","Mono","16","705600","430.71","2026-05-07 22:08:49"
"3-174840-A-43.wav","/m/0912c9","","car_horn","","ESC50/3-174840-A-43.wav","ESC50","test","indefinida","False","True","wav","5.0","44100","Mono","16","705600","430.71","2026-05-07 22:08:49"
"3-203371-A-39.wav","/m/07qcpgn","","glass_metal","","ESC50/3-203371-A-39.wav","ESC50","test","interior","False","True","wav","5.0","44100","Mono","16","705600","430.71","2026-05-07 22:08:50"
"3-203373-A-39.wav","/m/07qcpgn","","glass_metal","","ESC50/3-203373-A-39.wav","ESC50","train","interior","False","True","wav","5.0","44100","Mono","16","705600","430.71","2026-05-07 22:08:50"
"3-203374-A-39.wav","/m/07qcpgn","","glass_metal","","ESC50/3-203374-A-39.wav","ESC50","train","interior","False","True","wav","5.0","44100","Mono","16","705600","430.71","2026-05-07 22:08:50"
"3-203375-A-39.wav","/m/07qcpgn","","glass_metal","","ESC50/3-203375-A-39.wav","ESC50","train","interior","False","True","wav","5.0","44100","Mono","16","705600","430.71","2026-05-07 22:08:50"
"3-203377-A-39.wav","/m/07qcpgn","","glass_metal","","ESC50/3-203377-A-39.wav","ESC50","train","interior","False","True","wav","5.0","44100","Mono","16","705600","430.71","2026-05-07 22:08:50"
"3-216280-A-39.wav","/m/07qcpgn","","glass_metal","","ESC50/3-216280-A-39.wav","ESC50","train","interior","False","True","wav","5.0","44100","Mono","16","705600","430.71","2026-05-07 22:08:50"
"3-216281-A-39.wav","/m/07qcpgn","","glass_metal","","ESC50/3-216281-A-39.wav","ESC50","train","interior","False","True","wav","5.0","44100","Mono","16","705600","430.71","2026-05-07 22:08:50"
"3-216284-A-39.wav","/m/07qcpgn","","glass_metal","","ESC50/3-216284-A-39.wav","ESC50","train","interior","False","True","wav","5.0","44100","Mono","16","705600","430.71","2026-05-07 22:08:50"
"3-243726-A-43.wav","/m/0912c9","","car_horn","","ESC50/3-243726-A-43.wav","ESC50","train","indefinida","False","True","wav","5.0","44100","Mono","16","705600","430.71","2026-05-07 22:08:50"
"3-246513-A-16.wav","/m/0ngt1","","weather","","ESC50/3-246513-A-16.wav","ESC50","train","exterior","False","True","wav","5.0","44100","Mono","16","705600","430.71","2026-05-07 22:08:50"
"3-246513-B-16.wav","/m/0ngt1","","weather","","ESC50/3-246513-B-16.wav","ESC50","test","exterior","False","True","wav","5.0","44100","Mono","16","705600","430.71","2026-05-07 22:08:50"
"3-249913-A-25.wav","/C/footsteps_6508b080","","footsteps","","ESC50/3-249913-A-25.wav","ESC50","train","","","True","wav","5.0","44100","Mono","16","705600","430.71","2026-05-07 22:08:50"
"3-251617-A-48.wav","/m/0g6b5","","fire","","ESC50/3-251617-A-48.wav","ESC50","train","exterior","True","True","wav","5.0","44100","Mono","16","705600","430.71","2026-05-07 22:08:50"
"3-259622-A-44.wav","/m/07pb8fc","","engine","","ESC50/3-259622-A-44.wav","ESC50","train","indefinida","False","True","wav","5.0","44100","Mono","16","705600","430.71","2026-05-07 22:08:50"
"3-51376-A-42.wav","/m/07pp_mv","","alert_higth","","ESC50/3-51376-A-42.wav","ESC50","test","indefinida","True","True","wav","5.0","44100","Mono","16","705600","430.71","2026-05-07 22:08:50"
"3-51731-A-42.wav","/m/07pp_mv","","alert_higth","","ESC50/3-51731-A-42.wav","ESC50","train","indefinida","True","True","wav","5.0","44100","Mono","16","705600","430.71","2026-05-07 22:08:50"
"3-51731-B-42.wav","/m/07pp_mv","","alert_higth","","ESC50/3-51731-B-42.wav","ESC50","test","indefinida","True","True","wav","5.0","44100","Mono","16","705600","430.71","2026-05-07 22:08:50"
"3-51909-A-42.wav","/m/07pp_mv","","alert_higth","","ESC50/3-51909-A-42.wav","ESC50","train","indefinida","True","True","wav","5.0","44100","Mono","16","705600","430.71","2026-05-07 22:08:50"
"3-51909-B-42.wav","/m/07pp_mv","","alert_higth","","ESC50/3-51909-B-42.wav","ESC50","train","indefinida","True","True","wav","5.0","44100","Mono","16","705600","430.71","2026-05-07 22:08:50"
"3-58772-A-42.wav","/m/07pp_mv","","alert_higth","","ESC50/3-58772-A-42.wav","ESC50","train","indefinida","True","True","wav","5.0","44100","Mono","16","705600","430.71","2026-05-07 22:08:50"
"3-62878-A-42.wav","/m/07pp_mv","","alert_higth","","ESC50/3-62878-A-42.wav","ESC50","train","indefinida","True","True","wav","5.0","44100","Mono","16","705600","430.71","2026-05-07 22:08:50"
"3-62878-B-42.wav","/m/07pp_mv","","alert_higth","","ESC50/3-62878-B-42.wav","ESC50","test","indefinida","True","True","wav","5.0","44100","Mono","16","705600","430.71","2026-05-07 22:08:50"
"3-94342-A-25.wav","/C/footsteps_6508b080","","footsteps","","ESC50/3-94342-A-25.wav","ESC50","train","","","True","wav","5.0","44100","Mono","16","705600","430.71","2026-05-07 22:08:50"
"3-94343-A-25.wav","/C/footsteps_6508b080","","footsteps","","ESC50/3-94343-A-25.wav","ESC50","test","","","True","wav","5.0","44100","Mono","16","705600","430.71","2026-05-07 22:08:50"
"3-94344-A-25.wav","/C/footsteps_6508b080","","footsteps","","ESC50/3-94344-A-25.wav","ESC50","train","","","True","wav","5.0","44100","Mono","16","705600","430.71","2026-05-07 22:08:50"
"4-102871-A-42.wav","/m/07pp_mv","","alert_higth","","ESC50/4-102871-A-42.wav","ESC50","train","indefinida","True","True","wav","5.0","44100","Mono","16","705600","430.71","2026-05-07 22:08:50"
"4-111671-A-42.wav","/m/07pp_mv","","alert_higth","","ESC50/4-111671-A-42.wav","ESC50","test","indefinida","True","True","wav","5.0","44100","Mono","16","705600","430.71","2026-05-07 22:08:50"
"4-111671-B-42.wav","/m/07pp_mv","","alert_higth","","ESC50/4-111671-B-42.wav","ESC50","train","indefinida","True","True","wav","5.0","44100","Mono","16","705600","430.71","2026-05-07 22:08:50"
"4-117627-A-25.wav","/C/footsteps_6508b080","","footsteps","","ESC50/4-117627-A-25.wav","ESC50","train","","","True","wav","5.0","44100","Mono","16","705600","430.71","2026-05-07 22:08:50"
"4-117630-A-25.wav","/C/footsteps_6508b080","","footsteps","","ESC50/4-117630-A-25.wav","ESC50","train","","","True","wav","5.0","44100","Mono","16","705600","430.71","2026-05-07 22:08:50"
"4-119647-A-48.wav","/m/0g6b5","","fire","","ESC50/4-119647-A-48.wav","ESC50","train","exterior","True","True","wav","5.0","44100","Mono","16","705600","430.71","2026-05-07 22:08:50"
"4-119647-B-48.wav","/m/0g6b5","","fire","","ESC50/4-119647-B-48.wav","ESC50","train","exterior","True","True","wav","5.0","44100","Mono","16","705600","430.71","2026-05-07 22:08:50"
"4-119647-C-48.wav","/m/0g6b5","","fire","","ESC50/4-119647-C-48.wav","ESC50","train","exterior","True","True","wav","5.0","44100","Mono","16","705600","430.71","2026-05-07 22:08:50"
"4-119647-D-48.wav","/m/0g6b5","","fire","","ESC50/4-119647-D-48.wav","ESC50","train","exterior","True","True","wav","5.0","44100","Mono","16","705600","430.71","2026-05-07 22:08:50"
"4-119648-A-48.wav","/m/0g6b5","","fire","","ESC50/4-119648-A-48.wav","ESC50","train","exterior","True","True","wav","5.0","44100","Mono","16","705600","430.71","2026-05-07 22:08:50"
"4-119648-B-48.wav","/m/0g6b5","","fire","","ESC50/4-119648-B-48.wav","ESC50","train","exterior","True","True","wav","5.0","44100","Mono","16","705600","430.71","2026-05-07 22:08:50"
"4-119648-C-48.wav","/m/0g6b5","","fire","","ESC50/4-119648-C-48.wav","ESC50","train","exterior","True","True","wav","5.0","44100","Mono","16","705600","430.71","2026-05-07 22:08:50"
"4-119648-D-48.wav","/m/0g6b5","","fire","","ESC50/4-119648-D-48.wav","ESC50","train","exterior","True","True","wav","5.0","44100","Mono","16","705600","430.71","2026-05-07 22:08:50"
"4-121532-A-42.wav","/m/07pp_mv","","alert_higth","","ESC50/4-121532-A-42.wav","ESC50","train","indefinida","True","True","wav","5.0","44100","Mono","16","705600","430.71","2026-05-07 22:08:50"
"4-132803-A-26.wav","/C/laughing_a6a67e71","","laughing","","ESC50/4-132803-A-26.wav","ESC50","train","","","True","wav","5.0","44100","Mono","16","705600","430.71","2026-05-07 22:08:50"
"4-132810-A-26.wav","/C/laughing_a6a67e71","","laughing","","ESC50/4-132810-A-26.wav","ESC50","train","","","True","wav","5.0","44100","Mono","16","705600","430.71","2026-05-07 22:08:50"
"4-132816-A-26.wav","/C/laughing_a6a67e71","","laughing","","ESC50/4-132816-A-26.wav","ESC50","train","","","True","wav","5.0","44100","Mono","16","705600","430.71","2026-05-07 22:08:50"
"4-133674-A-26.wav","/C/laughing_a6a67e71","","laughing","","ESC50/4-133674-A-26.wav","ESC50","train","","","True","wav","5.0","44100","Mono","16","705600","430.71","2026-05-07 22:08:50"
"4-144083-A-16.wav","/m/0ngt1","","weather","","ESC50/4-144083-A-16.wav","ESC50","train","exterior","False","True","wav","5.0","44100","Mono","16","705600","430.71","2026-05-07 22:08:50"
"4-144083-B-16.wav","/m/0ngt1","","weather","","ESC50/4-144083-B-16.wav","ESC50","test","exterior","False","True","wav","5.0","44100","Mono","16","705600","430.71","2026-05-07 22:08:50"
"4-144083-C-16.wav","/m/0ngt1","","weather","","ESC50/4-144083-C-16.wav","ESC50","test","exterior","False","True","wav","5.0","44100","Mono","16","705600","430.71","2026-05-07 22:08:50"
"4-144085-A-16.wav","/m/0ngt1","","weather","","ESC50/4-144085-A-16.wav","ESC50","train","exterior","False","True","wav","5.0","44100","Mono","16","705600","430.71","2026-05-07 22:08:50"
"4-155670-A-26.wav","/C/laughing_a6a67e71","","laughing","","ESC50/4-155670-A-26.wav","ESC50","train","","","True","wav","5.0","44100","Mono","16","705600","430.71","2026-05-07 22:08:50"
"4-163606-A-16.wav","/m/0ngt1","","weather","","ESC50/4-163606-A-16.wav","ESC50","train","exterior","False","True","wav","5.0","44100","Mono","16","705600","430.71","2026-05-07 22:08:50"
"4-163608-B-16.wav","/m/0ngt1","","weather","","ESC50/4-163608-B-16.wav","ESC50","train","exterior","False","True","wav","5.0","44100","Mono","16","705600","430.71","2026-05-07 22:08:50"
"4-163609-A-16.wav","/m/0ngt1","","weather","","ESC50/4-163609-A-16.wav","ESC50","test","exterior","False","True","wav","5.0","44100","Mono","16","705600","430.71","2026-05-07 22:08:50"
"4-163609-B-16.wav","/m/0ngt1","","weather","","ESC50/4-163609-B-16.wav","ESC50","train","exterior","False","True","wav","5.0","44100","Mono","16","705600","430.71","2026-05-07 22:08:50"
"4-164243-A-26.wav","/C/laughing_a6a67e71","","laughing","","ESC50/4-164243-A-26.wav","ESC50","test","","","True","wav","5.0","44100","Mono","16","705600","430.71","2026-05-07 22:08:50"
"4-167571-A-26.wav","/C/laughing_a6a67e71","","laughing","","ESC50/4-167571-A-26.wav","ESC50","train","","","True","wav","5.0","44100","Mono","16","705600","430.71","2026-05-07 22:08:50"
"4-171652-A-44.wav","/m/07pb8fc","","engine","","ESC50/4-171652-A-44.wav","ESC50","train","indefinida","False","True","wav","5.0","44100","Mono","16","705600","430.71","2026-05-07 22:08:50"
"4-171706-A-23.wav","/m/0lyf6","","breathing","","ESC50/4-171706-A-23.wav","ESC50","train","interior","False","True","wav","5.0","44100","Mono","16","705600","430.71","2026-05-07 22:08:50"
"4-175845-A-43.wav","/m/0912c9","","car_horn","","ESC50/4-175845-A-43.wav","ESC50","train","indefinida","False","True","wav","5.0","44100","Mono","16","705600","430.71","2026-05-07 22:08:50"
"4-175846-A-43.wav","/m/0912c9","","car_horn","","ESC50/4-175846-A-43.wav","ESC50","train","indefinida","False","True","wav","5.0","44100","Mono","16","705600","430.71","2026-05-07 22:08:50"
"4-175855-A-43.wav","/m/0912c9","","car_horn","","ESC50/4-175855-A-43.wav","ESC50","train","indefinida","False","True","wav","5.0","44100","Mono","16","705600","430.71","2026-05-07 22:08:50"
"4-175856-A-43.wav","/m/0912c9","","car_horn","","ESC50/4-175856-A-43.wav","ESC50","train","indefinida","False","True","wav","5.0","44100","Mono","16","705600","430.71","2026-05-07 22:08:50"
"4-176631-A-43.wav","/m/0912c9","","car_horn","","ESC50/4-176631-A-43.wav","ESC50","test","indefinida","False","True","wav","5.0","44100","Mono","16","705600","430.71","2026-05-07 22:08:50"
"4-176638-A-43.wav","/m/0912c9","","car_horn","","ESC50/4-176638-A-43.wav","ESC50","test","indefinida","False","True","wav","5.0","44100","Mono","16","705600","430.71","2026-05-07 22:08:50"
"4-176914-A-23.wav","/m/0lyf6","","breathing","","ESC50/4-176914-A-23.wav","ESC50","train","interior","False","True","wav","5.0","44100","Mono","16","705600","430.71","2026-05-07 22:08:50"
"4-178402-A-43.wav","/m/0912c9","","car_horn","","ESC50/4-178402-A-43.wav","ESC50","train","indefinida","False","True","wav","5.0","44100","Mono","16","705600","430.71","2026-05-07 22:08:50"
"4-181599-A-26.wav","/C/laughing_a6a67e71","","laughing","","ESC50/4-181599-A-26.wav","ESC50","train","","","True","wav","5.0","44100","Mono","16","705600","430.71","2026-05-07 22:08:50"
"4-186935-A-44.wav","/m/07pb8fc","","engine","","ESC50/4-186935-A-44.wav","ESC50","train","indefinida","False","True","wav","5.0","44100","Mono","16","705600","430.71","2026-05-07 22:08:50"
"4-186936-A-44.wav","/m/07pb8fc","","engine","","ESC50/4-186936-A-44.wav","ESC50","test","indefinida","False","True","wav","5.0","44100","Mono","16","705600","430.71","2026-05-07 22:08:50"
"4-186938-A-44.wav","/m/07pb8fc","","engine","","ESC50/4-186938-A-44.wav","ESC50","train","indefinida","False","True","wav","5.0","44100","Mono","16","705600","430.71","2026-05-07 22:08:50"
"4-186940-A-44.wav","/m/07pb8fc","","engine","","ESC50/4-186940-A-44.wav","ESC50","test","indefinida","False","True","wav","5.0","44100","Mono","16","705600","430.71","2026-05-07 22:08:50"
"4-186962-A-44.wav","/m/07pb8fc","","engine","","ESC50/4-186962-A-44.wav","ESC50","train","indefinida","False","True","wav","5.0","44100","Mono","16","705600","430.71","2026-05-07 22:08:50"
"4-191015-A-43.wav","/m/0912c9","","car_horn","","ESC50/4-191015-A-43.wav","ESC50","train","indefinida","False","True","wav","5.0","44100","Mono","16","705600","430.71","2026-05-07 22:08:51"
"4-194979-A-25.wav","/C/footsteps_6508b080","","footsteps","","ESC50/4-194979-A-25.wav","ESC50","train","","","True","wav","5.0","44100","Mono","16","705600","430.71","2026-05-07 22:08:51"
"4-194981-A-25.wav","/C/footsteps_6508b080","","footsteps","","ESC50/4-194981-A-25.wav","ESC50","test","","","True","wav","5.0","44100","Mono","16","705600","430.71","2026-05-07 22:08:51"
"4-195451-A-44.wav","/m/07pb8fc","","engine","","ESC50/4-195451-A-44.wav","ESC50","test","indefinida","False","True","wav","5.0","44100","Mono","16","705600","430.71","2026-05-07 22:08:51"
"4-198025-A-23.wav","/m/0lyf6","","breathing","","ESC50/4-198025-A-23.wav","ESC50","train","interior","False","True","wav","5.0","44100","Mono","16","705600","430.71","2026-05-07 22:08:51"
"4-198962-A-25.wav","/C/footsteps_6508b080","","footsteps","","ESC50/4-198962-A-25.wav","ESC50","train","","","True","wav","5.0","44100","Mono","16","705600","430.71","2026-05-07 22:08:51"
"4-198962-B-25.wav","/C/footsteps_6508b080","","footsteps","","ESC50/4-198962-B-25.wav","ESC50","train","","","True","wav","5.0","44100","Mono","16","705600","430.71","2026-05-07 22:08:51"
"4-201988-A-44.wav","/m/07pb8fc","","engine","","ESC50/4-201988-A-44.wav","ESC50","train","indefinida","False","True","wav","5.0","44100","Mono","16","705600","430.71","2026-05-07 22:08:51"
"4-204115-A-39.wav","/m/07qcpgn","","glass_metal","","ESC50/4-204115-A-39.wav","ESC50","test","interior","False","True","wav","5.0","44100","Mono","16","705600","430.71","2026-05-07 22:08:51"
"4-204119-A-39.wav","/m/07qcpgn","","glass_metal","","ESC50/4-204119-A-39.wav","ESC50","test","interior","False","True","wav","5.0","44100","Mono","16","705600","430.71","2026-05-07 22:08:51"
"4-204121-A-39.wav","/m/07qcpgn","","glass_metal","","ESC50/4-204121-A-39.wav","ESC50","train","interior","False","True","wav","5.0","44100","Mono","16","705600","430.71","2026-05-07 22:08:51"
"4-204123-A-39.wav","/m/07qcpgn","","glass_metal","","ESC50/4-204123-A-39.wav","ESC50","train","interior","False","True","wav","5.0","44100","Mono","16","705600","430.71","2026-05-07 22:08:51"
"4-204777-A-39.wav","/m/07qcpgn","","glass_metal","","ESC50/4-204777-A-39.wav","ESC50","test","interior","False","True","wav","5.0","44100","Mono","16","705600","430.71","2026-05-07 22:08:51"
"4-204777-B-39.wav","/m/07qcpgn","","glass_metal","","ESC50/4-204777-B-39.wav","ESC50","train","interior","False","True","wav","5.0","44100","Mono","16","705600","430.71","2026-05-07 22:08:51"
"4-204777-C-39.wav","/m/07qcpgn","","glass_metal","","ESC50/4-204777-C-39.wav","ESC50","train","interior","False","True","wav","5.0","44100","Mono","16","705600","430.71","2026-05-07 22:08:51"
"4-205526-A-23.wav","/m/0lyf6","","breathing","","ESC50/4-205526-A-23.wav","ESC50","test","interior","False","True","wav","5.0","44100","Mono","16","705600","430.71","2026-05-07 22:08:51"
"4-205526-B-23.wav","/m/0lyf6","","breathing","","ESC50/4-205526-B-23.wav","ESC50","train","interior","False","True","wav","5.0","44100","Mono","16","705600","430.71","2026-05-07 22:08:51"
"4-207116-A-23.wav","/m/0lyf6","","breathing","","ESC50/4-207116-A-23.wav","ESC50","train","interior","False","True","wav","5.0","44100","Mono","16","705600","430.71","2026-05-07 22:08:51"
"4-210000-A-23.wav","/m/0lyf6","","breathing","","ESC50/4-210000-A-23.wav","ESC50","train","interior","False","True","wav","5.0","44100","Mono","16","705600","430.71","2026-05-07 22:08:51"
"4-210000-B-23.wav","/m/0lyf6","","breathing","","ESC50/4-210000-B-23.wav","ESC50","train","interior","False","True","wav","5.0","44100","Mono","16","705600","430.71","2026-05-07 22:08:51"
"4-212698-A-39.wav","/m/07qcpgn","","glass_metal","","ESC50/4-212698-A-39.wav","ESC50","train","interior","False","True","wav","5.0","44100","Mono","16","705600","430.71","2026-05-07 22:08:51"
"4-218304-A-25.wav","/C/footsteps_6508b080","","footsteps","","ESC50/4-218304-A-25.wav","ESC50","train","","","True","wav","5.0","44100","Mono","16","705600","430.71","2026-05-07 22:08:51"
"4-218304-B-25.wav","/C/footsteps_6508b080","","footsteps","","ESC50/4-218304-B-25.wav","ESC50","train","","","True","wav","5.0","44100","Mono","16","705600","430.71","2026-05-07 22:08:51"
"4-67358-A-42.wav","/m/07pp_mv","","alert_higth","","ESC50/4-67358-A-42.wav","ESC50","train","indefinida","True","True","wav","5.0","44100","Mono","16","705600","430.71","2026-05-07 22:08:51"
"4-80761-A-42.wav","/m/07pp_mv","","alert_higth","","ESC50/4-80761-A-42.wav","ESC50","train","indefinida","True","True","wav","5.0","44100","Mono","16","705600","430.71","2026-05-07 22:08:51"
"4-90014-A-42.wav","/m/07pp_mv","","alert_higth","","ESC50/4-90014-A-42.wav","ESC50","train","indefinida","True","True","wav","5.0","44100","Mono","16","705600","430.71","2026-05-07 22:08:51"
"4-90014-B-42.wav","/m/07pp_mv","","alert_higth","","ESC50/4-90014-B-42.wav","ESC50","train","indefinida","True","True","wav","5.0","44100","Mono","16","705600","430.71","2026-05-07 22:08:51"
"5-117118-A-42.wav","/m/07pp_mv","","alert_higth","","ESC50/5-117118-A-42.wav","ESC50","train","indefinida","True","True","wav","5.0","44100","Mono","16","705600","430.71","2026-05-07 22:08:51"
"5-117120-A-42.wav","/m/07pp_mv","","alert_higth","","ESC50/5-117120-A-42.wav","ESC50","train","indefinida","True","True","wav","5.0","44100","Mono","16","705600","430.71","2026-05-07 22:08:51"
"5-117122-A-42.wav","/m/07pp_mv","","alert_higth","","ESC50/5-117122-A-42.wav","ESC50","train","indefinida","True","True","wav","5.0","44100","Mono","16","705600","430.71","2026-05-07 22:08:51"
"5-117773-A-16.wav","/m/0ngt1","","weather","","ESC50/5-117773-A-16.wav","ESC50","train","exterior","False","True","wav","5.0","44100","Mono","16","705600","430.71","2026-05-07 22:08:51"
"5-133989-A-42.wav","/m/07pp_mv","","alert_higth","","ESC50/5-133989-A-42.wav","ESC50","train","indefinida","True","True","wav","5.0","44100","Mono","16","705600","430.71","2026-05-07 22:08:51"
"5-133989-B-42.wav","/m/07pp_mv","","alert_higth","","ESC50/5-133989-B-42.wav","ESC50","test","indefinida","True","True","wav","5.0","44100","Mono","16","705600","430.71","2026-05-07 22:08:51"
"5-150409-A-42.wav","/m/07pp_mv","","alert_higth","","ESC50/5-150409-A-42.wav","ESC50","train","indefinida","True","True","wav","5.0","44100","Mono","16","705600","430.71","2026-05-07 22:08:51"
"5-157204-A-16.wav","/m/0ngt1","","weather","","ESC50/5-157204-A-16.wav","ESC50","train","exterior","False","True","wav","5.0","44100","Mono","16","705600","430.71","2026-05-07 22:08:51"
"5-157204-B-16.wav","/m/0ngt1","","weather","","ESC50/5-157204-B-16.wav","ESC50","train","exterior","False","True","wav","5.0","44100","Mono","16","705600","430.71","2026-05-07 22:08:51"
"5-160551-A-42.wav","/m/07pp_mv","","alert_higth","","ESC50/5-160551-A-42.wav","ESC50","train","indefinida","True","True","wav","5.0","44100","Mono","16","705600","430.71","2026-05-07 22:08:51"
"5-160614-A-48.wav","/m/0g6b5","","fire","","ESC50/5-160614-A-48.wav","ESC50","train","exterior","True","True","wav","5.0","44100","Mono","16","705600","430.71","2026-05-07 22:08:51"
"5-160614-B-48.wav","/m/0g6b5","","fire","","ESC50/5-160614-B-48.wav","ESC50","train","exterior","True","True","wav","5.0","44100","Mono","16","705600","430.71","2026-05-07 22:08:51"
"5-160614-C-48.wav","/m/0g6b5","","fire","","ESC50/5-160614-C-48.wav","ESC50","train","exterior","True","True","wav","5.0","44100","Mono","16","705600","430.71","2026-05-07 22:08:51"
"5-160614-D-48.wav","/m/0g6b5","","fire","","ESC50/5-160614-D-48.wav","ESC50","train","exterior","True","True","wav","5.0","44100","Mono","16","705600","430.71","2026-05-07 22:08:51"
"5-160614-E-48.wav","/m/0g6b5","","fire","","ESC50/5-160614-E-48.wav","ESC50","train","exterior","True","True","wav","5.0","44100","Mono","16","705600","430.71","2026-05-07 22:08:51"
"5-160614-F-48.wav","/m/0g6b5","","fire","","ESC50/5-160614-F-48.wav","ESC50","train","exterior","True","True","wav","5.0","44100","Mono","16","705600","430.71","2026-05-07 22:08:51"
"5-160614-G-48.wav","/m/0g6b5","","fire","","ESC50/5-160614-G-48.wav","ESC50","train","exterior","True","True","wav","5.0","44100","Mono","16","705600","430.71","2026-05-07 22:08:51"
"5-160614-H-48.wav","/m/0g6b5","","fire","","ESC50/5-160614-H-48.wav","ESC50","train","exterior","True","True","wav","5.0","44100","Mono","16","705600","430.71","2026-05-07 22:08:51"
"5-171118-A-26.wav","/C/laughing_a6a67e71","","laughing","","ESC50/5-171118-A-26.wav","ESC50","test","","","True","wav","5.0","44100","Mono","16","705600","430.71","2026-05-07 22:08:51"
"5-179496-A-16.wav","/m/0ngt1","","weather","","ESC50/5-179496-A-16.wav","ESC50","train","exterior","False","True","wav","5.0","44100","Mono","16","705600","430.71","2026-05-07 22:08:51"
"5-179496-B-16.wav","/m/0ngt1","","weather","","ESC50/5-179496-B-16.wav","ESC50","test","exterior","False","True","wav","5.0","44100","Mono","16","705600","430.71","2026-05-07 22:08:51"
"5-179860-A-43.wav","/m/0912c9","","car_horn","","ESC50/5-179860-A-43.wav","ESC50","train","indefinida","False","True","wav","5.0","44100","Mono","16","705600","430.71","2026-05-07 22:08:51"
"5-179863-A-43.wav","/m/0912c9","","car_horn","","ESC50/5-179863-A-43.wav","ESC50","train","indefinida","False","True","wav","5.0","44100","Mono","16","705600","430.71","2026-05-07 22:08:51"
"5-179865-A-43.wav","/m/0912c9","","car_horn","","ESC50/5-179865-A-43.wav","ESC50","train","indefinida","False","True","wav","5.0","44100","Mono","16","705600","430.71","2026-05-07 22:08:51"
"5-179866-A-43.wav","/m/0912c9","","car_horn","","ESC50/5-179866-A-43.wav","ESC50","train","indefinida","False","True","wav","5.0","44100","Mono","16","705600","430.71","2026-05-07 22:08:51"
"5-179868-A-43.wav","/m/0912c9","","car_horn","","ESC50/5-179868-A-43.wav","ESC50","test","indefinida","False","True","wav","5.0","44100","Mono","16","705600","430.71","2026-05-07 22:08:51"
"5-180156-A-43.wav","/m/0912c9","","car_horn","","ESC50/5-180156-A-43.wav","ESC50","train","indefinida","False","True","wav","5.0","44100","Mono","16","705600","430.71","2026-05-07 22:08:51"
"5-180156-B-43.wav","/m/0912c9","","car_horn","","ESC50/5-180156-B-43.wav","ESC50","test","indefinida","False","True","wav","5.0","44100","Mono","16","705600","430.71","2026-05-07 22:08:51"
"5-180156-C-43.wav","/m/0912c9","","car_horn","","ESC50/5-180156-C-43.wav","ESC50","train","indefinida","False","True","wav","5.0","44100","Mono","16","705600","430.71","2026-05-07 22:08:51"
"5-184323-A-42.wav","/m/07pp_mv","","alert_higth","","ESC50/5-184323-A-42.wav","ESC50","train","indefinida","True","True","wav","5.0","44100","Mono","16","705600","430.71","2026-05-07 22:08:51"
"5-209992-A-44.wav","/m/07pb8fc","","engine","","ESC50/5-209992-A-44.wav","ESC50","train","indefinida","False","True","wav","5.0","44100","Mono","16","705600","430.71","2026-05-07 22:08:51"
"5-209992-B-44.wav","/m/07pb8fc","","engine","","ESC50/5-209992-B-44.wav","ESC50","test","indefinida","False","True","wav","5.0","44100","Mono","16","705600","430.71","2026-05-07 22:08:51"
"5-213293-A-23.wav","/m/0lyf6","","breathing","","ESC50/5-213293-A-23.wav","ESC50","train","interior","False","True","wav","5.0","44100","Mono","16","705600","430.71","2026-05-07 22:08:51"
"5-217186-A-16.wav","/m/0ngt1","","weather","","ESC50/5-217186-A-16.wav","ESC50","train","exterior","False","True","wav","5.0","44100","Mono","16","705600","430.71","2026-05-07 22:08:52"
"5-217186-B-16.wav","/m/0ngt1","","weather","","ESC50/5-217186-B-16.wav","ESC50","train","exterior","False","True","wav","5.0","44100","Mono","16","705600","430.71","2026-05-07 22:08:52"
"5-217186-C-16.wav","/m/0ngt1","","weather","","ESC50/5-217186-C-16.wav","ESC50","train","exterior","False","True","wav","5.0","44100","Mono","16","705600","430.71","2026-05-07 22:08:52"
"5-221528-A-39.wav","/m/07qcpgn","","glass_metal","","ESC50/5-221528-A-39.wav","ESC50","train","interior","False","True","wav","5.0","44100","Mono","16","705600","430.71","2026-05-07 22:08:52"
"5-221529-A-39.wav","/m/07qcpgn","","glass_metal","","ESC50/5-221529-A-39.wav","ESC50","train","interior","False","True","wav","5.0","44100","Mono","16","705600","430.71","2026-05-07 22:08:52"
"5-232272-A-44.wav","/m/07pb8fc","","engine","","ESC50/5-232272-A-44.wav","ESC50","train","indefinida","False","True","wav","5.0","44100","Mono","16","705600","430.71","2026-05-07 22:08:52"
"5-232816-A-23.wav","/m/0lyf6","","breathing","","ESC50/5-232816-A-23.wav","ESC50","train","interior","False","True","wav","5.0","44100","Mono","16","705600","430.71","2026-05-07 22:08:52"
"5-233260-A-23.wav","/m/0lyf6","","breathing","","ESC50/5-233260-A-23.wav","ESC50","test","interior","False","True","wav","5.0","44100","Mono","16","705600","430.71","2026-05-07 22:08:52"
"5-233605-A-39.wav","/m/07qcpgn","","glass_metal","","ESC50/5-233605-A-39.wav","ESC50","test","interior","False","True","wav","5.0","44100","Mono","16","705600","430.71","2026-05-07 22:08:52"
"5-233607-A-39.wav","/m/07qcpgn","","glass_metal","","ESC50/5-233607-A-39.wav","ESC50","test","interior","False","True","wav","5.0","44100","Mono","16","705600","430.71","2026-05-07 22:08:52"
"5-234263-A-25.wav","/C/footsteps_6508b080","","footsteps","","ESC50/5-234263-A-25.wav","ESC50","train","","","True","wav","5.0","44100","Mono","16","705600","430.71","2026-05-07 22:08:52"
"5-234335-A-23.wav","/m/0lyf6","","breathing","","ESC50/5-234335-A-23.wav","ESC50","train","interior","False","True","wav","5.0","44100","Mono","16","705600","430.71","2026-05-07 22:08:52"
"5-234855-A-25.wav","/C/footsteps_6508b080","","footsteps","","ESC50/5-234855-A-25.wav","ESC50","train","","","True","wav","5.0","44100","Mono","16","705600","430.71","2026-05-07 22:08:52"
"5-235507-A-44.wav","/m/07pb8fc","","engine","","ESC50/5-235507-A-44.wav","ESC50","train","indefinida","False","True","wav","5.0","44100","Mono","16","705600","430.71","2026-05-07 22:08:52"
"5-235593-A-23.wav","/m/0lyf6","","breathing","","ESC50/5-235593-A-23.wav","ESC50","train","interior","False","True","wav","5.0","44100","Mono","16","705600","430.71","2026-05-07 22:08:52"
"5-238492-A-23.wav","/m/0lyf6","","breathing","","ESC50/5-238492-A-23.wav","ESC50","train","interior","False","True","wav","5.0","44100","Mono","16","705600","430.71","2026-05-07 22:08:52"
"5-240671-A-44.wav","/m/07pb8fc","","engine","","ESC50/5-240671-A-44.wav","ESC50","train","indefinida","False","True","wav","5.0","44100","Mono","16","705600","430.71","2026-05-07 22:08:52"
"5-242932-A-26.wav","/C/laughing_a6a67e71","","laughing","","ESC50/5-242932-A-26.wav","ESC50","train","","","True","wav","5.0","44100","Mono","16","705600","430.71","2026-05-07 22:08:52"
"5-242932-B-26.wav","/C/laughing_a6a67e71","","laughing","","ESC50/5-242932-B-26.wav","ESC50","train","","","True","wav","5.0","44100","Mono","16","705600","430.71","2026-05-07 22:08:52"
"5-243025-A-25.wav","/C/footsteps_6508b080","","footsteps","","ESC50/5-243025-A-25.wav","ESC50","train","","","True","wav","5.0","44100","Mono","16","705600","430.71","2026-05-07 22:08:52"
"5-243773-A-44.wav","/m/07pb8fc","","engine","","ESC50/5-243773-A-44.wav","ESC50","train","indefinida","False","True","wav","5.0","44100","Mono","16","705600","430.71","2026-05-07 22:08:52"
"5-243773-B-44.wav","/m/07pb8fc","","engine","","ESC50/5-243773-B-44.wav","ESC50","train","indefinida","False","True","wav","5.0","44100","Mono","16","705600","430.71","2026-05-07 22:08:52"
"5-243783-A-44.wav","/m/07pb8fc","","engine","","ESC50/5-243783-A-44.wav","ESC50","train","indefinida","False","True","wav","5.0","44100","Mono","16","705600","430.71","2026-05-07 22:08:52"
"5-244310-A-25.wav","/C/footsteps_6508b080","","footsteps","","ESC50/5-244310-A-25.wav","ESC50","train","","","True","wav","5.0","44100","Mono","16","705600","430.71","2026-05-07 22:08:52"
"5-244526-A-26.wav","/C/laughing_a6a67e71","","laughing","","ESC50/5-244526-A-26.wav","ESC50","test","","","True","wav","5.0","44100","Mono","16","705600","430.71","2026-05-07 22:08:52"
"5-253534-A-26.wav","/C/laughing_a6a67e71","","laughing","","ESC50/5-253534-A-26.wav","ESC50","train","","","True","wav","5.0","44100","Mono","16","705600","430.71","2026-05-07 22:08:52"
"5-257642-A-39.wav","/m/07qcpgn","","glass_metal","","ESC50/5-257642-A-39.wav","ESC50","train","interior","False","True","wav","5.0","44100","Mono","16","705600","430.71","2026-05-07 22:08:52"
"5-259514-A-26.wav","/C/laughing_a6a67e71","","laughing","","ESC50/5-259514-A-26.wav","ESC50","test","","","True","wav","5.0","44100","Mono","16","705600","430.71","2026-05-07 22:08:52"
"5-260164-A-23.wav","/m/0lyf6","","breathing","","ESC50/5-260164-A-23.wav","ESC50","train","interior","False","True","wav","5.0","44100","Mono","16","705600","430.71","2026-05-07 22:08:52"
"5-260432-A-39.wav","/m/07qcpgn","","glass_metal","","ESC50/5-260432-A-39.wav","ESC50","test","interior","False","True","wav","5.0","44100","Mono","16","705600","430.71","2026-05-07 22:08:52"
"5-260433-A-39.wav","/m/07qcpgn","","glass_metal","","ESC50/5-260433-A-39.wav","ESC50","train","interior","False","True","wav","5.0","44100","Mono","16","705600","430.71","2026-05-07 22:08:52"
"5-260434-A-39.wav","/m/07qcpgn","","glass_metal","","ESC50/5-260434-A-39.wav","ESC50","train","interior","False","True","wav","5.0","44100","Mono","16","705600","430.71","2026-05-07 22:08:52"
"5-261464-A-23.wav","/m/0lyf6","","breathing","","ESC50/5-261464-A-23.wav","ESC50","test","interior","False","True","wav","5.0","44100","Mono","16","705600","430.71","2026-05-07 22:08:52"
"5-263490-A-25.wav","/C/footsteps_6508b080","","footsteps","","ESC50/5-263490-A-25.wav","ESC50","train","","","True","wav","5.0","44100","Mono","16","705600","430.71","2026-05-07 22:08:52"
"5-263491-A-25.wav","/C/footsteps_6508b080","","footsteps","","ESC50/5-263491-A-25.wav","ESC50","train","","","True","wav","5.0","44100","Mono","16","705600","430.71","2026-05-07 22:08:52"
"5-263501-A-25.wav","/C/footsteps_6508b080","","footsteps","","ESC50/5-263501-A-25.wav","ESC50","train","","","True","wav","5.0","44100","Mono","16","705600","430.71","2026-05-07 22:08:52"
"5-263775-A-26.wav","/C/laughing_a6a67e71","","laughing","","ESC50/5-263775-A-26.wav","ESC50","test","","","True","wav","5.0","44100","Mono","16","705600","430.71","2026-05-07 22:08:52"
"5-263775-B-26.wav","/C/laughing_a6a67e71","","laughing","","ESC50/5-263775-B-26.wav","ESC50","train","","","True","wav","5.0","44100","Mono","16","705600","430.71","2026-05-07 22:08:52"
"5-51149-A-25.wav","/C/footsteps_6508b080","","footsteps","","ESC50/5-51149-A-25.wav","ESC50","test","","","True","wav","5.0","44100","Mono","16","705600","430.71","2026-05-07 22:08:52"
