filename,reason
ghvLSUXD5pU_seg33.wav,Score 2/5: ✗ Peak bajo (0.185 < 0.2) | ✗ Centroid bajo (614 Hz < 1000) | ✓ Duration (5.00s <= 5.0s) | ✗ Kurtosis bajo (-0.25 < 2.0) | ✓ RMS (0.0538 >= 0.01)
ghvLSUXD5pU_seg112.wav,Score 2/5: ✗ Peak bajo (0.198 < 0.2) | ✗ Centroid bajo (633 Hz < 1000) | ✓ Duration (5.00s <= 5.0s) | ✗ Kurtosis bajo (-0.11 < 2.0) | ✓ RMS (0.0487 >= 0.01)
ghvLSUXD5pU_seg195.wav,Score 2/5: ✗ Peak bajo (0.189 < 0.2) | ✗ Centroid bajo (584 Hz < 1000) | ✓ Duration (5.00s <= 5.0s) | ✗ Kurtosis bajo (-0.33 < 2.0) | ✓ RMS (0.0573 >= 0.01)
ghvLSUXD5pU_seg101.wav,Score 2/5: ✗ Peak bajo (0.200 < 0.2) | ✗ Centroid bajo (531 Hz < 1000) | ✓ Duration (5.00s <= 5.0s) | ✗ Kurtosis bajo (0.15 < 2.0) | ✓ RMS (0.0526 >= 0.01)
ghvLSUXD5pU_seg105.wav,Score 2/5: ✗ Peak bajo (0.182 < 0.2) | ✗ Centroid bajo (611 Hz < 1000) | ✓ Duration (5.00s <= 5.0s) | ✗ Kurtosis bajo (-0.27 < 2.0) | ✓ RMS (0.0553 >= 0.01)
ghvLSUXD5pU_seg299.wav,Score 2/5: ✗ Peak bajo (0.199 < 0.2) | ✗ Centroid bajo (530 Hz < 1000) | ✓ Duration (5.00s <= 5.0s) | ✗ Kurtosis bajo (0.16 < 2.0) | ✓ RMS (0.0519 >= 0.01)
ghvLSUXD5pU_seg159.wav,Score 2/5: ✗ Peak bajo (0.186 < 0.2) | ✗ Centroid bajo (596 Hz < 1000) | ✓ Duration (5.00s <= 5.0s) | ✗ Kurtosis bajo (-0.29 < 2.0) | ✓ RMS (0.0566 >= 0.01)
ghvLSUXD5pU_seg94.wav,Score 2/5: ✗ Peak bajo (0.197 < 0.2) | ✗ Centroid bajo (639 Hz < 1000) | ✓ Duration (5.00s <= 5.0s) | ✗ Kurtosis bajo (-0.05 < 2.0) | ✓ RMS (0.0481 >= 0.01)
ghvLSUXD5pU_seg328.wav,Score 2/5: ✗ Peak bajo (0.195 < 0.2) | ✗ Centroid bajo (598 Hz < 1000) | ✓ Duration (5.00s <= 5.0s) | ✗ Kurtosis bajo (-0.07 < 2.0) | ✓ RMS (0.0495 >= 0.01)
ghvLSUXD5pU_seg123.wav,Score 2/5: ✗ Peak bajo (0.186 < 0.2) | ✗ Centroid bajo (608 Hz < 1000) | ✓ Duration (5.00s <= 5.0s) | ✗ Kurtosis bajo (-0.25 < 2.0) | ✓ RMS (0.0563 >= 0.01)
ghvLSUXD5pU_seg17.wav,Score 2/5: ✗ Peak bajo (0.195 < 0.2) | ✗ Centroid bajo (683 Hz < 1000) | ✓ Duration (5.00s <= 5.0s) | ✗ Kurtosis bajo (-0.15 < 2.0) | ✓ RMS (0.0508 >= 0.01)
ghvLSUXD5pU_seg213.wav,Score 2/5: ✗ Peak bajo (0.188 < 0.2) | ✗ Centroid bajo (571 Hz < 1000) | ✓ Duration (5.00s <= 5.0s) | ✗ Kurtosis bajo (-0.34 < 2.0) | ✓ RMS (0.0575 >= 0.01)
ghvLSUXD5pU_seg130.wav,Score 2/5: ✗ Peak bajo (0.197 < 0.2) | ✗ Centroid bajo (628 Hz < 1000) | ✓ Duration (5.00s <= 5.0s) | ✗ Kurtosis bajo (-0.13 < 2.0) | ✓ RMS (0.0488 >= 0.01)
ghvLSUXD5pU_seg353.wav,Score 2/5: ✗ Peak bajo (0.199 < 0.2) | ✗ Centroid bajo (528 Hz < 1000) | ✓ Duration (5.00s <= 5.0s) | ✗ Kurtosis bajo (0.16 < 2.0) | ✓ RMS (0.0512 >= 0.01)
ghvLSUXD5pU_seg83.wav,Score 2/5: ✗ Peak bajo (0.198 < 0.2) | ✗ Centroid bajo (538 Hz < 1000) | ✓ Duration (5.00s <= 5.0s) | ✗ Kurtosis bajo (0.17 < 2.0) | ✓ RMS (0.0525 >= 0.01)
ghvLSUXD5pU_seg303.wav,Score 2/5: ✗ Peak bajo (0.182 < 0.2) | ✗ Centroid bajo (576 Hz < 1000) | ✓ Duration (5.00s <= 5.0s) | ✗ Kurtosis bajo (-0.35 < 2.0) | ✓ RMS (0.0571 >= 0.01)
ghvLSUXD5pU_seg231.wav,Score 2/5: ✗ Peak bajo (0.189 < 0.2) | ✗ Centroid bajo (576 Hz < 1000) | ✓ Duration (5.00s <= 5.0s) | ✗ Kurtosis bajo (-0.34 < 2.0) | ✓ RMS (0.0574 >= 0.01)
ghvLSUXD5pU_seg321.wav,Score 2/5: ✗ Peak bajo (0.192 < 0.2) | ✗ Centroid bajo (576 Hz < 1000) | ✓ Duration (5.00s <= 5.0s) | ✗ Kurtosis bajo (-0.34 < 2.0) | ✓ RMS (0.0571 >= 0.01)
ghvLSUXD5pU_seg58.wav,Score 2/5: ✗ Peak bajo (0.197 < 0.2) | ✗ Centroid bajo (636 Hz < 1000) | ✓ Duration (5.00s <= 5.0s) | ✗ Kurtosis bajo (-0.01 < 2.0) | ✓ RMS (0.0478 >= 0.01)
ghvLSUXD5pU_seg4.wav,Score 2/5: ✗ Peak bajo (0.196 < 0.2) | ✗ Centroid bajo (643 Hz < 1000) | ✓ Duration (5.00s <= 5.0s) | ✗ Kurtosis bajo (0.01 < 2.0) | ✓ RMS (0.0477 >= 0.01)
ghvLSUXD5pU_seg267.wav,Score 2/5: ✗ Peak bajo (0.188 < 0.2) | ✗ Centroid bajo (576 Hz < 1000) | ✓ Duration (5.00s <= 5.0s) | ✗ Kurtosis bajo (-0.32 < 2.0) | ✓ RMS (0.0569 >= 0.01)
ghvLSUXD5pU_seg125.wav,Score 2/5: ✗ Peak bajo (0.197 < 0.2) | ✗ Centroid bajo (676 Hz < 1000) | ✓ Duration (5.00s <= 5.0s) | ✗ Kurtosis bajo (-0.04 < 2.0) | ✓ RMS (0.0521 >= 0.01)
ghvLSUXD5pU_seg76.wav,Score 2/5: ✗ Peak bajo (0.197 < 0.2) | ✗ Centroid bajo (637 Hz < 1000) | ✓ Duration (5.00s <= 5.0s) | ✗ Kurtosis bajo (-0.04 < 2.0) | ✓ RMS (0.0481 >= 0.01)
ghvLSUXD5pU_seg47.wav,Score 2/5: ✗ Peak bajo (0.196 < 0.2) | ✗ Centroid bajo (534 Hz < 1000) | ✓ Duration (5.00s <= 5.0s) | ✗ Kurtosis bajo (0.09 < 2.0) | ✓ RMS (0.0532 >= 0.01)
ghvLSUXD5pU_seg209.wav,Score 2/5: ✗ Peak bajo (0.198 < 0.2) | ✗ Centroid bajo (526 Hz < 1000) | ✓ Duration (5.00s <= 5.0s) | ✗ Kurtosis bajo (0.12 < 2.0) | ✓ RMS (0.0533 >= 0.01)
ghvLSUXD5pU_seg256.wav,Score 2/5: ✗ Peak bajo (0.198 < 0.2) | ✗ Centroid bajo (611 Hz < 1000) | ✓ Duration (5.00s <= 5.0s) | ✗ Kurtosis bajo (-0.09 < 2.0) | ✓ RMS (0.0486 >= 0.01)
ghvLSUXD5pU_seg227.wav,Score 2/5: ✗ Peak bajo (0.198 < 0.2) | ✗ Centroid bajo (533 Hz < 1000) | ✓ Duration (5.00s <= 5.0s) | ✗ Kurtosis bajo (0.13 < 2.0) | ✓ RMS (0.0532 >= 0.01)
ghvLSUXD5pU_seg335.wav,Score 2/5: ✗ Peak bajo (0.198 < 0.2) | ✗ Centroid bajo (533 Hz < 1000) | ✓ Duration (5.00s <= 5.0s) | ✗ Kurtosis bajo (0.16 < 2.0) | ✓ RMS (0.0511 >= 0.01)
ghvLSUXD5pU_seg263.wav,Score 2/5: ✗ Peak bajo (0.199 < 0.2) | ✗ Centroid bajo (531 Hz < 1000) | ✓ Duration (5.00s <= 5.0s) | ✗ Kurtosis bajo (0.16 < 2.0) | ✓ RMS (0.0524 >= 0.01)
ghvLSUXD5pU_seg357.wav,Score 2/5: ✗ Peak bajo (0.185 < 0.2) | ✗ Centroid bajo (582 Hz < 1000) | ✓ Duration (5.00s <= 5.0s) | ✗ Kurtosis bajo (-0.35 < 2.0) | ✓ RMS (0.0576 >= 0.01)
ghvLSUXD5pU_seg22.wav,Score 2/5: ✗ Peak bajo (0.196 < 0.2) | ✗ Centroid bajo (643 Hz < 1000) | ✓ Duration (5.00s <= 5.0s) | ✗ Kurtosis bajo (0.02 < 2.0) | ✓ RMS (0.0479 >= 0.01)
ghvLSUXD5pU_seg292.wav,Score 2/5: ✗ Peak bajo (0.195 < 0.2) | ✗ Centroid bajo (606 Hz < 1000) | ✓ Duration (5.00s <= 5.0s) | ✗ Kurtosis bajo (-0.07 < 2.0) | ✓ RMS (0.0484 >= 0.01)
ghvLSUXD5pU_seg245.wav,Score 2/5: ✗ Peak bajo (0.200 < 0.2) | ✗ Centroid bajo (531 Hz < 1000) | ✓ Duration (5.00s <= 5.0s) | ✗ Kurtosis bajo (0.13 < 2.0) | ✓ RMS (0.0531 >= 0.01)
ghvLSUXD5pU_seg155.wav,Score 2/5: ✗ Peak bajo (0.200 < 0.2) | ✗ Centroid bajo (531 Hz < 1000) | ✓ Duration (5.00s <= 5.0s) | ✗ Kurtosis bajo (0.13 < 2.0) | ✓ RMS (0.0532 >= 0.01)
ghvLSUXD5pU_seg191.wav,Score 2/5: ✗ Peak bajo (0.199 < 0.2) | ✗ Centroid bajo (540 Hz < 1000) | ✓ Duration (5.00s <= 5.0s) | ✗ Kurtosis bajo (0.13 < 2.0) | ✓ RMS (0.0533 >= 0.01)
ghvLSUXD5pU_seg141.wav,Score 2/5: ✗ Peak bajo (0.187 < 0.2) | ✗ Centroid bajo (607 Hz < 1000) | ✓ Duration (5.00s <= 5.0s) | ✗ Kurtosis bajo (-0.27 < 2.0) | ✓ RMS (0.0564 >= 0.01)
ghvLSUXD5pU_seg148.wav,Score 2/5: ✗ Peak bajo (0.195 < 0.2) | ✗ Centroid bajo (632 Hz < 1000) | ✓ Duration (5.00s <= 5.0s) | ✗ Kurtosis bajo (-0.12 < 2.0) | ✓ RMS (0.0487 >= 0.01)
ghvLSUXD5pU_seg281.wav,Score 2/5: ✗ Peak bajo (0.198 < 0.2) | ✗ Centroid bajo (530 Hz < 1000) | ✓ Duration (5.00s <= 5.0s) | ✗ Kurtosis bajo (0.12 < 2.0) | ✓ RMS (0.0522 >= 0.01)
ghvLSUXD5pU_seg202.wav,Score 2/5: ✗ Peak bajo (0.196 < 0.2) | ✗ Centroid bajo (599 Hz < 1000) | ✓ Duration (5.00s <= 5.0s) | ✗ Kurtosis bajo (-0.13 < 2.0) | ✓ RMS (0.0488 >= 0.01)
ghvLSUXD5pU_seg173.wav,Score 2/5: ✗ Peak bajo (0.197 < 0.2) | ✗ Centroid bajo (533 Hz < 1000) | ✓ Duration (5.00s <= 5.0s) | ✗ Kurtosis bajo (0.12 < 2.0) | ✓ RMS (0.0534 >= 0.01)
ghvLSUXD5pU_seg29.wav,Score 2/5: ✗ Peak bajo (0.200 < 0.2) | ✗ Centroid bajo (541 Hz < 1000) | ✓ Duration (5.00s <= 5.0s) | ✗ Kurtosis bajo (0.05 < 2.0) | ✓ RMS (0.0537 >= 0.01)
ghvLSUXD5pU_seg87.wav,Score 2/5: ✗ Peak bajo (0.187 < 0.2) | ✗ Centroid bajo (614 Hz < 1000) | ✓ Duration (5.00s <= 5.0s) | ✗ Kurtosis bajo (-0.26 < 2.0) | ✓ RMS (0.0551 >= 0.01)
ghvLSUXD5pU_seg166.wav,Score 2/5: ✗ Peak bajo (0.196 < 0.2) | ✗ Centroid bajo (618 Hz < 1000) | ✓ Duration (5.00s <= 5.0s) | ✗ Kurtosis bajo (-0.10 < 2.0) | ✓ RMS (0.0487 >= 0.01)
ghvLSUXD5pU_seg339.wav,Score 2/5: ✗ Peak bajo (0.190 < 0.2) | ✗ Centroid bajo (575 Hz < 1000) | ✓ Duration (5.00s <= 5.0s) | ✗ Kurtosis bajo (-0.36 < 2.0) | ✓ RMS (0.0575 >= 0.01)
ghvLSUXD5pU_seg137.wav,Score 2/5: ✗ Peak bajo (0.197 < 0.2) | ✗ Centroid bajo (537 Hz < 1000) | ✓ Duration (5.00s <= 5.0s) | ✗ Kurtosis bajo (0.13 < 2.0) | ✓ RMS (0.0528 >= 0.01)
ghvLSUXD5pU_seg238.wav,Score 2/5: ✗ Peak bajo (0.197 < 0.2) | ✗ Centroid bajo (601 Hz < 1000) | ✓ Duration (5.00s <= 5.0s) | ✗ Kurtosis bajo (-0.14 < 2.0) | ✓ RMS (0.0490 >= 0.01)
ghvLSUXD5pU_seg15.wav,Score 2/5: ✗ Peak bajo (0.183 < 0.2) | ✗ Centroid bajo (618 Hz < 1000) | ✓ Duration (5.00s <= 5.0s) | ✗ Kurtosis bajo (-0.24 < 2.0) | ✓ RMS (0.0538 >= 0.01)
ghvLSUXD5pU_seg11.wav,Score 2/5: ✗ Peak bajo (0.199 < 0.2) | ✗ Centroid bajo (536 Hz < 1000) | ✓ Duration (5.00s <= 5.0s) | ✗ Kurtosis bajo (0.06 < 2.0) | ✓ RMS (0.0537 >= 0.01)
ghvLSUXD5pU_seg249.wav,Score 2/5: ✗ Peak bajo (0.182 < 0.2) | ✗ Centroid bajo (577 Hz < 1000) | ✓ Duration (5.00s <= 5.0s) | ✗ Kurtosis bajo (-0.33 < 2.0) | ✓ RMS (0.0572 >= 0.01)
ghvLSUXD5pU_seg177.wav,Score 2/5: ✗ Peak bajo (0.184 < 0.2) | ✗ Centroid bajo (591 Hz < 1000) | ✓ Duration (5.00s <= 5.0s) | ✗ Kurtosis bajo (-0.29 < 2.0) | ✓ RMS (0.0567 >= 0.01)
ghvLSUXD5pU_seg310.wav,Score 2/5: ✗ Peak bajo (0.199 < 0.2) | ✗ Centroid bajo (605 Hz < 1000) | ✓ Duration (5.00s <= 5.0s) | ✗ Kurtosis bajo (-0.08 < 2.0) | ✓ RMS (0.0486 >= 0.01)
ghvLSUXD5pU_seg35.wav,Score 2/5: ✗ Peak bajo (0.192 < 0.2) | ✗ Centroid bajo (683 Hz < 1000) | ✓ Duration (5.00s <= 5.0s) | ✗ Kurtosis bajo (-0.17 < 2.0) | ✓ RMS (0.0510 >= 0.01)
ghvLSUXD5pU_seg220.wav,Score 2/5: ✗ Peak bajo (0.198 < 0.2) | ✗ Centroid bajo (601 Hz < 1000) | ✓ Duration (5.00s <= 5.0s) | ✗ Kurtosis bajo (-0.14 < 2.0) | ✓ RMS (0.0489 >= 0.01)
ghvLSUXD5pU_seg69.wav,Score 2/5: ✗ Peak bajo (0.184 < 0.2) | ✗ Centroid bajo (615 Hz < 1000) | ✓ Duration (5.00s <= 5.0s) | ✗ Kurtosis bajo (-0.24 < 2.0) | ✓ RMS (0.0544 >= 0.01)
ghvLSUXD5pU_seg346.wav,Score 2/5: ✗ Peak bajo (0.199 < 0.2) | ✗ Centroid bajo (606 Hz < 1000) | ✓ Duration (5.00s <= 5.0s) | ✗ Kurtosis bajo (-0.09 < 2.0) | ✓ RMS (0.0497 >= 0.01)
ghvLSUXD5pU_seg51.wav,Score 2/5: ✗ Peak bajo (0.190 < 0.2) | ✗ Centroid bajo (615 Hz < 1000) | ✓ Duration (5.00s <= 5.0s) | ✗ Kurtosis bajo (-0.25 < 2.0) | ✓ RMS (0.0540 >= 0.01)
ghvLSUXD5pU_seg40.wav,Score 2/5: ✗ Peak bajo (0.198 < 0.2) | ✗ Centroid bajo (640 Hz < 1000) | ✓ Duration (5.00s <= 5.0s) | ✗ Kurtosis bajo (-0.02 < 2.0) | ✓ RMS (0.0477 >= 0.01)
ghvLSUXD5pU_seg285.wav,Score 2/5: ✗ Peak bajo (0.189 < 0.2) | ✗ Centroid bajo (578 Hz < 1000) | ✓ Duration (5.00s <= 5.0s) | ✗ Kurtosis bajo (-0.32 < 2.0) | ✓ RMS (0.0569 >= 0.01)
ghvLSUXD5pU_seg274.wav,Score 2/5: ✗ Peak bajo (0.198 < 0.2) | ✗ Centroid bajo (608 Hz < 1000) | ✓ Duration (5.00s <= 5.0s) | ✗ Kurtosis bajo (-0.10 < 2.0) | ✓ RMS (0.0486 >= 0.01)
ghvLSUXD5pU_seg161.wav,Score 2/5: ✗ Peak bajo (0.199 < 0.2) | ✗ Centroid bajo (678 Hz < 1000) | ✓ Duration (5.00s <= 5.0s) | ✗ Kurtosis bajo (-0.07 < 2.0) | ✓ RMS (0.0522 >= 0.01)
ghvLSUXD5pU_seg184.wav,Score 2/5: ✗ Peak bajo (0.197 < 0.2) | ✗ Centroid bajo (599 Hz < 1000) | ✓ Duration (5.00s <= 5.0s) | ✗ Kurtosis bajo (-0.12 < 2.0) | ✓ RMS (0.0488 >= 0.01)
ghvLSUXD5pU_seg119.wav,Score 2/5: ✗ Peak bajo (0.198 < 0.2) | ✗ Centroid bajo (534 Hz < 1000) | ✓ Duration (5.00s <= 5.0s) | ✗ Kurtosis bajo (0.15 < 2.0) | ✓ RMS (0.0527 >= 0.01)
ghvLSUXD5pU_seg317.wav,Score 2/5: ✗ Peak bajo (0.198 < 0.2) | ✗ Centroid bajo (533 Hz < 1000) | ✓ Duration (5.00s <= 5.0s) | ✗ Kurtosis bajo (0.18 < 2.0) | ✓ RMS (0.0517 >= 0.01)
